,Tweet content,Lat_Long
125373,"['im', 'mexfam', 'tlalpan', 'tlalpan', 'df', 'df']",21.0
45553,"['chingado', 'con', 'william', 'da', 'silva']",21.0
33988,"['celebrating', 'mchixon', 'num', 'birthday', 'hands', 'smiles', 'ğŸ’', 'buca', 'di', 'beppo', 'dallas', '-', 'â€¦']",22.0
194935,"['corporate', 'recruiter', '-', 'apex', 'systems', 'mo']",33.0
160281,"['american', 'woodmark', 'sales', 'rep', 'builder', 'direct', 'az']",12.0
38113,"['drinking', 'nicks', 'purple', 'surprise', 'â€”']",12.0
177890,"['carlsgood', 'amazing', 'perfect', 'end', 'num', 'â€¦']",43.0
76085,"['counter', 'sales', 'retail', 'part', '-', 'time', '-', 'genuine', 'parts', 'napa', 'md']",54.0
170862,"['want', 'work', 'tx', 'view', 'latest', 'opening']",21.0
156160,"['click', 'apply', 'full', 'time', 'personal', 'banker', '-', 'wi']",35.0
168717,"['natural', 'gas', 'leak', '|', 'summerhill', 'ave', 'amp', 'edgewood', 'cres', 'num', 'div', 'num', 'num', 'num', 'num']",45.0
62684,"['know', 'gonna', 'good', 'night', 'youve', 'less', 'num', 'minutes', 'â€¦']",21.0
204631,"['never', 'expected', 'mean', 'good', 'bad', 'way']",55.0
81184,"['might', 'great', 'fit', 'surgical', 'techn', 'adv', '-', 'tx']",22.0
28111,"['fue', 'entre', 'auditorio', 'fuente', 'de', 'petroleos']",21.0
142712,"['check', 'buddies', 'book', 'project', 'cancer', 'research', 'cancerssos', 'dutchs', 'brewhouse']",12.0
183440,"['join', 'yale', '-', 'new', 'hospital', 'team', 'see', 'latest', 'opening', 'ct']",54.0
83668,"['registered', 'nurse', '|', 'rn', '|', 'contract', '-', 'favorite', 'health', 'care', 'staffing', 'az']",12.0
202066,"['benoit', 'paires', 'wide', 'variance', 'level', 'fluctuate', 'match', 'fluctuates', 'middle', 'games', 'even', 'points']",41.0
81382,"['citi', 'senior', 'vice', 'president', 'â€“', 'statement', 'card', 'carrier', 'crisis', 'fl']",41.0
180197,"['alert', 'shift', 'supervisor', 'us', '|', 'starbucks', '|']",54.0
144164,"['ğŸŒŠ', 'ğŸŒŠ', 'ğŸŒŠ', 'ğŸŒŠ', 'paterson', 'new', 'jersey']",54.0
32438,"['sutter', 'tracy', 'community', 'hospital', 'rn', 'ambulatory', 'care', 'unit', 'giendoscopy', 'ca']",13.0
88592,"['facilities', 'maintenance', '-', 'select', 'staffing']",12.0
198721,"['great', 'clips', 'hair', 'stylist', 'il']",35.0
191214,"['aurora', 'health', 'care', 'nursing', 'assistant', 'amp', 'health', 'unit', 'coordinator', '-', 'part', 'time', '-', 'noc', '-', 'num', 'wi']",35.0
169851,"['want', 'work', 'cvs', 'health', 'va', 'click', 'details']",43.0
129861,"['cool', 'rt', 'high', 'school', 'students', 'creating', 'future', 'via']",55.0
81429,"['ğŸš¨', 'bahamas', 'event', 'alert', 'ğŸš¨', 'labor', 'day', 'weekend', 'num', 'ultimate', 'retreat', 'miami', 'â€¦']",41.0
33599,"['ahora', 'si', 'back', 'home', 'la', 'segunda', 'es', 'la', 'vencida', '-', 'ayer', 'se', 'cancel', 'Ã³', 'mi', 'vuelo', 'pedido', 'del', 'â€¦']",41.0
124576,"['greeting', 'clarksvilletn', 'spending', 'next', 'weeks', 'south', 'â€¦']",33.0
50432,"['favorite', 'omicron', 'week', 'coaches', '~', 'striking', 'arthritis', '~', 'one', 'pitch', 'time', 'â¤', 'ï¸', 'ğŸ’™']",35.0
157959,"['num', '-', 'num', 'bryant', 'park']",54.0
132359,"['dallas', 'march', 'babies', 'scheduled', 'april', 'num', 'white', 'rock', 'lake']",22.0
75450,"['want', 'work', 'pa', 'view', 'latest', 'opening']",54.0
60397,"['sales', 'representative', '-', 'lithia', 'auto', 'stores', 'ca']",13.0
7699,"['girls', 'missed', 'hanging', 'peks', 'molly', 'malone', 'losangeles']",12.0
200413,"['director', 'clinical', 'equipment', 'solutions', '-', 'chicago', 'il', '-', 'compass', 'group', 'usa', 'il']",35.0
31723,"['im', 'plaza', 'universidad', '-', 'benito', 'ju', 'Ã¡', 'rez', 'df']",21.0
119792,"['front', 'back', 'fade', 'â¬…', 'ï¸', 'â¡', 'ï¸']",44.0
119370,"['want', 'work', 'tx', 'view', 'latest', 'opening']",21.0
33933,"['happy', 'birthday', 'suzanne', 'gianmarcos', 'homewood', 'al']",32.0
44827,"['need', 'like', 'week', 'shopping', 'trip', 'w', 'unlimited']",32.0
159662,"['lowes', 'stores', 'store', 'seasonal', 'employee', 'nc']",43.0
134354,"['join', 'j', 'crew', 'team', 'see', 'latest', 'opening', 'nj']",54.0
119191,"['pretty', 'spectacular', 'grabbing', 'couple', 'bottles', 'sure', '-', 'drinking', 'au', 'ra', '-']",44.0
136311,"['salud', 'para', 'todos', 'margaritaville', 'atlantic', 'city']",54.0
177539,"['click', 'apply', 'manager', 'integrated', 'digital', 'technology', '-', 'nj']",54.0
198371,"['im', 'cin', 'Ã©', 'polis', 'corporativo', '-', 'alvaro', 'obregon', 'df', 'w']",21.0
16246,"['im', 'bocanegra', 'miscelanea', 'rustica', 'w']",21.0
152101,"['lil', 'lady', 'enjoying', 'breeze', 'storm']",41.0
39754,"['movie', 'time', 'jungle', 'book', 'disney', 'digital', 'num', 'miguel', 'hidalgo', 'df', 'w']",21.0
171862,"['us', 'commercial', 'real', 'estate', 'prices', 'take', 'dip', 'num']",12.0
7410,"['el', 'dia', 'de', 'hoy', 'toca', 'felicitar', 'mi', 'madre', 'darle', 'gracias', 'ah', 'dios', 'â€¦']",11.0
95674,"['always', 'num', 'num', 'island', 'phi', 'gamma', 'delta']",32.0
133923,"['want', 'work', 'il', 'view', 'latest', 'opening']",34.0
34082,"['natgeo', 'ğŸŒ', 'washington', 'district', 'columbia']",43.0
1066,"['mahallamiz', 'moshinlari', 'farmington', 'hills', 'michigan']",35.0
107552,"['never', 'wanted', 'perfect', 'wanted', 'â€¦']",21.0
166312,"['red', 'flag', 'warning', 'due', 'strong', 'winds', 'low', 'humidities', 'afternoon', 'west', 'central', 'south', 'central', 'minnes']",25.0
81771,"['recommend', 'anyone', 'sonographer', '-', 'va']",43.0
44956,"['im', 'downtown', 'st', 'augustine', 'st', 'augustine', 'fl']",41.0
15623,"['finally', 'got', 'spend', 'quality', 'time', 'hon', 'kennedy', 'added', 'judge', 'personal', 'â€¦']",54.0
120758,"['bayada', 'home', 'health', 'care', 'certified', 'home', 'health', 'aide', 'chha', '-', 'weekends', 'nj']",54.0
95881,"['spring', 'break', 'fun', '\n', 'frozen', 'fever', 'painting', 'party', '\n', 'little', 'one', 'choose', 'paint', 'â€¦']",54.0
25001,"['num', 'num', 'num', 'napping', 'spongebob', 'thank', 'aunt', 'sandy', 'ğŸ˜‚', 'ğŸ˜™', 'ğŸ¤“', 'ğŸ’™']",35.0
189871,"['ğŸ˜', 'bucaneros', 'mariscos', 'playa', 'del', 'carmen', 'quintana', 'roo']",31.0
191929,"['languageline', 'solutions', 'portuguese', 'interpreters', 'ca']",13.0
5462,"['want', 'work', 'ca', 'view', 'latest', 'opening']",12.0
97805,"['fl', 'meat', 'cutter', 'winn', 'dixie']",41.0
201769,"['really', 'dont', 'feel', 'like', 'getting']",23.0
165752,"['posted', 'photo', 'matthiessen', 'state', 'park']",34.0
190031,"['philips', 'north', 'america', 'software', 'application', 'architect', 'ca']",13.0
121820,"['see', 'video', 'tour', 'num', 'mcdade', 'farm', 'road']",42.0
94349,"['would', 'love', 'wardrobe', 'connoisseur', 'ğŸ’', 'ğŸ’•', 'ğŸ’', 'ğŸ’—', 'ğŸ’–', 'ğŸ’“', 'ğŸ’•', 'ğŸ’', 'ğŸ’–', 'ğŸ’', 'ğŸ’•', 'ğŸ’“', 'ğŸ’–', 'ğŸ’—', 'ğŸ’', 'ğŸ’•', 'ğŸ’', '\n', '\n', 'xoxo', 'muah', '\n', '\n', 'full', 'look', 'â€¦']",21.0
155811,"['jumped', 'plane', 'amos', 'made', 'bed', 'back', 'seat', 'long', 'â€¦']",12.0
149736,"['tonight', 'num', 'pm', 'baltimorecocktailweek', 'chartruese', 'cocktail', 'throw', 'â€¦']",44.0
28653,"['golf', 'together', 'stay', 'together', 'ğŸŒ', 'ğŸŒ', 'ğŸŒ', 'bunker', 'hills', 'golf', 'club', 'â€¦']",35.0
58917,"['date', 'night', 'hunky', 'husband', 'favorite', 'beverage', 'â€¦']",22.0
129797,"['interested', 'near', 'could', 'great', 'fit']",45.0
157976,"['international', 'dr', 'amp', 'carrier', 'dr']",41.0
155482,"['drinks', 'eric', 'dear', 'friend', 'mustafa', 'ğŸ»', 'ğŸº', 'ğŸ‘', '\n', '\n', 'netherwood']",54.0
135572,"['interested', 'near', 'ny', 'could', 'great', 'fit']",54.0
66419,"['thank', 'red', 'rock', 'canyon', 'natural', 'eye', 'candy', '\n', '\n']",13.0
128043,"['might', 'great', 'fit', 'data', 'analyst', 'usms', 'arlingtonva', 'ts', 'preferred', 'scif', '-']",43.0
197534,"['office', 'centro', 'de', 'negocios', 'garza', 'garc', 'Ã­', 'nuevo', 'le', 'Ã³', 'n']",21.0
50807,"['roasted', 'hen', 'potato', 'pave', 'creme', 'sorrel', 'lardons', 'thestaffcanteen']",23.0
119510,"['might', 'great', 'fit', 'food', 'service', 'supervisor', '-', 'mi']",35.0
81561,"['interested', 'near', 'nc', 'could', 'great', 'fit']",43.0
198067,"['join', 'aerotek', 'team', 'see', 'latest', 'opening', 'ia']",34.0
115095,"['mi', 'ex', 'novio', 'plataformero', 'ahora', 'ya', 'hace', 'videos', 'qu', 'Ã©', 'barbaridad', 'saludos', 'todos', 'los', 'â€¦']",21.0
104648,"['im', 'xsport', 'fitness', 'fairfax', 'va']",43.0
128046,"['ny', 'customer', 'service', 'associate', 'lowes', 'stores']",55.0
179103,"['recommend', 'anyone', 'picker', '-', 'al']",32.0
27340,"['amherst', 'finished', 'day', 'one', 'trip', 'tomorrow', 'performance', 'day', 'ğŸ¶', 'umass', 'amherst']",55.0
99596,"['want', 'work', 'ca', 'view', 'latest', 'opening']",13.0
115191,"['provider', 'network', 'specialist', '-', 'cincinnati', '-', 'buckeye', 'community', 'health', 'oh']",34.0
114686,"['might', 'great', 'fit', 'attending', '-', 'anesthesiologist', '-', 'nj']",54.0
75713,"['physical', 'therapist', 'outpatient', '-', 'supplemental', 'health', 'care', 'mi']",35.0
201089,"['strong', 'winds', 'impact', 'parts', 'county', 'today', 'num', 'num', 'ill', 'pinpoint', 'winds', 'could', 'reach', 'num', 'mph', 'num', 'news']",12.0
131642,"['drinking', 'coco', 'loco', 'paxtons', 'pad', 'â€”']",12.0
196220,"['breakfast', 'sisterroomie', 'totowa', 'nj', 'w']",54.0
179507,"['see', 'latest', 'la', 'click', 'apply', 'retail', 'store', 'positions', '-']",32.0
113629,"['ri', 'technical', 'customer', 'support', 'aerotek']",55.0
8314,"['see', 'latest', 'ca', 'click', 'apply', 'registered', 'nurse', 'rn', '-']",13.0
72531,"['huge', 'thank', 'lovely', 'welcome', 'hugs', 'â€¦']",12.0
159244,"['another', 'young', 'generational', 'anti', '-', 'trump']",33.0
131492,"['wind', 'num', 'num', 'mph', 'w', 'barometer', 'num', 'num', 'steady', 'temperature', 'num', 'num', 'Â°', 'f', 'rain', 'today', 'num', 'num', 'humidity', 'num']",32.0
62099,"['alert', 'physician', 'emergency', '|', 'providence', 'health', 'amp', 'services', '|', 'mt']",15.0
59437,"['ğŸ”', 'ğŸ‘­', 'ğŸ‘­', 'ğŸ‘­', 'ğŸ‘­', 'ğŸ’•', 'universidad', 'mondragon', 'uco']",21.0
99663,"['meanwhile', 'hardly', 'watch', 'made', 'real', 'hard', 'wanna', 'â€¦']",31.0
177391,"['recommend', 'anyone', 'num', 'john', 'hawkins', 'pkwy', 'al']",32.0
101276,"['interested', 'near', 'il', 'could', 'great', 'fit']",35.0
198761,"['want', 'work', 'remx', 'va', 'click', 'details']",43.0
177484,"['tonight', 'baltic', 'porter', 'ipl', 'liquid', 'â€¦']",54.0
133804,"['keep', 'doubting', 'im', 'pressin', 'im', 'postin', 'num', 'â€¦']",43.0
3889,"['see', 'latest', 'sc', 'click', 'apply', 'mcat', 'instructor', '-', 'spartanburg', 'sc', '-']",42.0
43792,"['thought', 'one', 'many', 'experiencing', 'message', 'josephvassiliou', 'num', 'â€¦']",54.0
48816,"['cavaliers', 'advance', 'final', 'hendersonville', 'invitational', 'hendersonville', 'memorial', 'park']",33.0
20221,"['im', 'amc', 'baton', 'rouge', 'num', '-', 'baton', 'rouge', 'la']",31.0
7293,"['girl', 'two', 'things', 'classy', 'fabulous', '-', 'coco', 'chanel']",13.0
161391,"['im', 'adkins', 'household', 'newell', 'alabama', 'woodland', 'al']",32.0
127655,"['pharmacy', 'technician', '-', 'cvs', 'health', 'ny']",55.0
159436,"['del', 'md', 'anderson', 'pal', 'mundo', 'dr', 'bruera', 'ğŸ’', 'ğŸ¼']",21.0
184236,"['bucket', 'list', 'crowd', 'surf', 'one', 'favorite', 'bands', 'âœ”', 'ï¸', 'â€¦']",12.0
51351,"['nso', 'concert', 'kennedy', 'center', 'concert', 'hall', '-', 'nso', 'washington', 'dc']",43.0
135004,"['want', 'work', 'ga', 'view', 'latest', 'opening']",32.0
160140,"['love', 'art', 'deco', 'bloomingdales', 'building', 'font', 'ğŸ’•', 'took', 'pic', 'days', 'ago', 'walking', 'â€¦']",54.0
162945,"['polar', 'bear', 'cub', 'nora', 'make', 'public', 'debut', 'columbus', 'zoo', 'num', 'tv']",34.0
119254,"['sales', 'associate', 'levis', 'outlet', 'store', 'wrentham', '-', 'levi', 'strauss', 'amp', 'co']",55.0
1576,"['rise', 'shine', 'training', 'ride', 'time', 'lakefront', 'belmont', 'chicago', 'il']",35.0
36540,"['la', 'pel', 'Ã­', 'cula', 'empieza', 'las', 'num', 'num', 'pm', 'la', 'verdad', 'puro', 'ni', 'Ã±', 'os', 'lo', 'que', 'uno', 'hace', 'por', 'los', 'sobrinos']",12.0
108079,"['baby', 'say', 'along', 'way', 'lakes', 'grew', 'swimming', 'ğŸ™', 'ğŸ¾', 'ğŸ˜']",41.0
76931,"['accident', 'shoulder', 'blocked', '-', 'num', 'nb', 'south', 'indian', 'hills', 'rd', 'slow', 'traffic', 'back', 'tecumseh', 'rd', 'delay', 'num', 'mins']",23.0
128856,"['g', 'Ã¼', 'nayd', 'Ä±', 'n', 'ğŸŒ', 'kuweyka', 'malikanesi', 'montgomery', 'al']",32.0
177371,"['alert', 'gujarati', 'interpreters', '|', 'languageline', 'solutions', '|', 'il']",35.0
50295,"['âš ', 'ï¸', 'severe', 'thunderstorm', 'warning', 'including', 'sturgis', 'ok', 'eva', 'ok', 'num', 'num', 'pm', 'cdt']",23.0
127671,"['see', 'latest', 'ar', 'click', 'apply', 'maintenance', 'technician', '-']",33.0
69202,"['see', 'latest', 'tx', 'click', 'apply', 'store', 'manager', '-']",22.0
171074,"['picking', 'lebron', 'num', 'flagship', 'store', 'los', 'angeles', 'ca']",12.0
202470,"['usgs', 'reports', 'num', 'num', 'num', 'km', 'wnw', 'pioche', 'nevada', 'num', 'num', 'num', 'num', 'num', 'num', 'utc']",13.0
139694,"['unusual', 'surrealistic', 'place', 'ny', 'central', 'park', 'ğŸŒ¿', 'new', 'york', 'central', 'park']",54.0
55190,"['recommend', 'anyone', 'caregiver', '-', 'home', 'health', 'aide', '-', 'colorado']",24.0
179779,"['see', 'latest', 'md', 'click', 'apply', 'director', 'learning', 'organization', 'development', '-']",44.0
182970,"['might', 'great', 'fit', 'cath', 'lab', '-', 'az']",12.0
10932,"['good', 'time', 'charley', 'hanging', 'tonight', 'kimthestarvingartist']",12.0
163231,"['tx', 'dfs', 'sr', 'manager', 'end', 'lease', 'lease', 'servicing', 'dell']",21.0
130677,"['bike', 'killer', 'jesses', 'burritos', 'stinnett']",23.0
97133,"['adoro', 'la', 'casa', 'della', 'mia', 'amica', 'annalisa', 'ğŸ˜', 'hampton', 'virginia']",43.0
44114,"['molly', 'rough', 'week', 'mark', 'aymees', 'house']",32.0
102130,"['â¤', 'ï¸', 'ramen', 'beach', 'penscola', 'beach']",31.0
129178,"['read', 'latest', 'opening', 'press', 'operator', '-', 'oh']",34.0
152448,"['want', 'work', 'ca', 'view', 'latest', 'opening']",13.0
44525,"['baptist', 'hospital', 'physician', 'appreciation', 'dinner', 'witte', 'museum']",21.0
133865,"['tide', 'morehead', 'city', 'north', 'carolina', 'num', 'num', 'num', '\n', 'low', 'num', 'num', 'num', 'num', '\n', 'high', 'num', 'num', 'pm', 'num', 'num', '\n', 'low', 'num', 'num', 'pm', 'num', 'num', '\n', 'high', 'num', 'num', 'num', 'num']",42.0
89172,"['picture', 'make', 'like', 'ou', 'okay', 'bye', 'lol', 'joke', 'love', 'yall', 'ğŸ’•', 'ğŸ™ˆ', 'ğŸ‘½', 'del', 'city', 'high', 'school']",23.0
179085,"['see', 'latest', 'tx', 'click', 'apply', 'maintenance', 'technician', '-']",21.0
73005,"['see', 'latest', 'nm', 'click', 'apply', 'route', 'manager', '-', 'combo', '-']",23.0
154448,"['acaso', 'te', 'basto', 'con', 'haberte', 'otorgado', 'el', 'privilegio', 'de', 'ser', 'el', 'primero', 'en', 'mi', 'vida', 'ğŸ˜', 'ğŸ˜˜']",21.0
111593,"['hb', 'num', 'new', 'amend', 'title', 'num', 'united', 'states', 'code', 'limit', 'length', 'administrative', 'leave', 'federal', 'employ']",43.0
141439,"['todays', 'ride', 'around', 'dallas', 'pretty', 'nice', 'im', 'enjoying', 'time', 'â€¦']",22.0
52518,"['num', 'tanks', 'gas', 'num', 'mountain', 'goats', 'num', 'woodchuck', 'num', 'hours', 'makes', 'good', 'quick', 'roadie', 'sd', 'â€¦']",25.0
188916,"['lucky', 'animals', 'ğŸ’', 'ğŸµ', 'ğŸ’', 'ğŸµ', 'ğŸ’', 'ğŸµ', 'tampa', 'florida']",41.0
196467,"['escape', 'cape', 'â˜€', 'ï¸', 'hyannis', 'massachusetts']",55.0
27090,"['surprise', 'new', 'num', '-', 'song', 'ep', 'rooted', 'clarity', 'available', 'limited', 'quantity', 'num', 'hifi', 'â€¦']",13.0
33744,"['see', 'drowsy', 'chaperone', 'ğŸ˜', 'ğŸ¶', 'herberger', 'school', 'music', '-', 'tempe', 'az']",12.0
108422,"['favorite', 'gym', 'equinox', 'sports', 'club', 'new', 'york', '-', 'new', 'york', 'ny']",54.0
176779,"['recommend', 'anyone', 'installer', 'technician', '-', 'sanford', '-', 'fl']",41.0
173385,"['recommend', 'anyone', 'pharmacy', 'technician', 'â€“', 'target', 'store', '-', 'ca']",12.0
134096,"['click', 'apply', 'med', 'surg', 'tele', 'rn', 'registered', 'nurse', '-', 'fl']",41.0
66100,"['im', 'parque', 'el', 'dorado', 'aguascalientes', 'ags']",21.0
77360,"['num', 'num', '\n', 'middle', 'fingers', 'boor', 'mode', '\n', 'ğŸ“', 'ğŸ“·', 'â€¦']",22.0
10798,"['num', 'nd', 'day', 'new', 'products', 'shooting']",13.0
450,"['good', 'morning', 'baltimore', 'home', 'num', 'suites', 'hilton', 'baltimore', 'downtown', 'baltimore', 'md']",44.0
179863,"['might', 'great', 'fit', 'macys', 'northwest', 'region', 'regional', 'vice', 'president', '-', 'macys', '-']",13.0
186918,"['ğŸ˜†', 'â¤', 'fresco', 'universidad', 'univer', 'milenium']",21.0
50068,"['meh', '-', 'drinking', 'high', 'road', 'east', 'fields', 'â€”']",53.0
57040,"['heard', 'new', 'sigmas', 'sam', 'houston', 'state', 'ğŸ‘€', 'ğŸ‘€', 'â€¦']",22.0
36484,"['stuck', 'box', 'mccarran', 'international', 'airport']",13.0
161599,"['abril', 'num', 'ğŸš¨', 'ğŸš¨', 'ğŸš¨', 'anotalo', 'los', 'veo', 'en', 'fatts', 'oysters', 'junto', 'el', 'rey', 'supremo', 'luis', 'vargas', 'tix', 'â€¦']",31.0
38577,"['join', 'mandarin', 'oriental', 'hotel', 'las', 'vegas', 'team', 'see', 'latest', 'opening', 'nv']",13.0
59423,"['scalpers', 'wings', 'polish', 'boy', 'tonight', 'anyone', 'kitchen', 'open', 'til', 'num', 'ming']",44.0
174041,"['want', 'work', 'supplemental', 'health', 'care', 'az', 'click', 'details']",12.0
148545,"['icomos', 'charla', 'camara', 'nacional', 'de', 'empresas', 'de', 'consultoria']",21.0
183525,"['read', 'latest', 'opening', 'carhopskating', 'carhop', 'server', '-', 'md']",53.0
7395,"['gomab', 'coach', 'marvin', 'menzies', 'expected', 'take', 'unlv', 'head', 'mens', 'basketball', 'coaching', 'job']",13.0
201350,"['ğŸ˜', 'fraccionamiento', 'mision', 'del', 'carmen']",31.0
116502,"['closed', 'graffiti', 'request', 'num', 'baker', 'st', 'case', 'closed', 'case', 'resolved']",13.0
106025,"['youre', 'corpus', 'christi', 'area', 'live', 'â€¦']",21.0
37594,"['lyfez', 'mysterys', 'lol', 'sacramento', 'california']",13.0
65738,"['want', 'work', 'cintas', 'corporation', 'nv', 'click', 'details']",14.0
131774,"['want', 'work', 'sunrise', 'senior', 'living', 'pa', 'click', 'details']",54.0
182566,"['join', 'department', 'veterans', 'affairs', 'team', 'see', 'latest', 'opening', 'ny']",45.0
176248,"['read', 'latest', 'opening', 'relationship', 'manager', '-', 'ca']",12.0
166121,"['wind', 'num', 'num', 'mph', 'barometer', 'num', 'num', 'steady', 'temperature', 'num', 'num', 'Â°', 'f', 'rain', 'today', 'num', 'num', 'humidity', 'num']",14.0
24322,"['una', 'Ã¡', 'de', 'la', 'fabrica', 'de', 'arte', 'f', 'Ã¡', 'brica', 'de', 'arte', 'cubano']",41.0
63307,"['good', 'little', 'sweet', 'think', '-', 'drinking', 'higher', 'math', 'howards', 'fairview', 'villa', '-']",12.0
102984,"['celebrating', 'came', 'visit', 'mlk', 'â€¦']",43.0
115761,"['recommend', 'anyone', 'management', 'development', 'program', 'sales', 'customer', 'service', 'management', '-']",12.0
166686,"['birthday', 'rope', 'climb', 'conga', 'line', 'post', 'wod', 'cash', 'erocfitness', '\n', 'num', 'rounds', 'time', '\n', 'num', 'â€¦']",54.0
19298,"['cachimba', 'cantina', 'bar', 'Ã©', 'rida', 'yucat', 'Ã¡', 'n']",31.0
194561,"['interested', 'near', 'nc', 'could', 'great', 'fit']",42.0
72881,"['day', 'num', 'birthday', 'shenanigans', 'fellas', 'happy', 'birthday', 'kyle', 'ğŸ‚', 'ğŸ', 'ğŸˆ', 'ğŸ‰', 'ğŸ»', 'true', 'brew', 'â€¦']",55.0
127747,"['raiders', 'finalize', 'preseason', 'schedule', 'game', 'times', 'tv', 'info']",13.0
76804,"['audit', 'senior', 'public', '-', 'robert', 'half', 'finance', 'amp', 'accounting', 'ca']",12.0
99363,"['il', 'cim', 'technician', 'zf', 'trw']",34.0
42278,"['ğŸ˜‚', 'rickowensstorelosangeles', 'ğŸ™Œ', 'rick', 'owens']",12.0
194137,"['currently', 'craving', 'full', 'english', 'owenandengine', 'get', 'us', 'baked', 'beans', 'bangers', 'stat']",35.0
42042,"['im', 'num', 'num', 'fitness', 'guadalupe', 'nuevo', 'le', 'Ã³', 'n']",21.0
95773,"['want', 'work', 'cvs', 'health', 'co', 'click', 'details']",24.0
16523,"['stellabrating', 'dodger', 'victory', 'giants', 'remember', 'â€¦']",12.0
151526,"['im', 'kens', 'bar', '-', 'b', '-', 'q', 'madison', 'fl']",31.0
42966,"['repostapp', '\n', 'ãƒ»', 'ãƒ»', 'ãƒ»', '\n', 'stage', 'set', 'tonights', 'amp', 'â€¦']",41.0
19714,"['come', 'mango', 'us', 'ğŸ˜—', 'ğŸ’¨', 'one', '-', 'stop', '-', 'shop', 'hookahaccessory', 'needs']",34.0
95069,"['si', 'existen', 'motivos', 'ni', 'para', 'que', 'pensarlo', 'dos', 'veces', '\n', '\n', 'fin', 'de', 'semana', 'â€¦']",31.0
138652,"['ğŸ˜', 'ğŸ˜', 'ğŸ˜', 'rt', 'ğŸ˜', 'ğŸ”¥', 'âœ¨']",35.0
156893,"['le', 'juegues', 'al', 'vergas', 'si', 'lo', 'vas', 'hacer', 'bien', 'morrito']",21.0
68393,"['theyre', '\n', 'playing', 'fits', 'lululemon', 'amp', 'getting', 'naked', 'new', 'align', 'â€¦']",55.0
72446,"['little', 'piggy', 'went', 'hebronwhere', 'fell', 'love', 'ğŸ·', 'hebron', 'high', 'school']",22.0
168947,"['cada', 'vez', 'menos', 'universidad', 'Ã¡', 'huac', '-', 'huixquilucan', 'estado', 'de', 'Ã©', 'xico']",21.0
56240,"['first', 'many', 'prahm', 'pics', 'ğŸŒ¹', 'ğŸŒ¹', 'woodlake', 'country', 'club']",54.0
194780,"['va', 'primary', 'heavy', 'equip', 'oper', 'ii', 'wm']",43.0
185906,"['ga', 'parts', 'delivery', 'oreilly', 'auto', 'parts']",32.0
77033,"['details', 'happy', 'friday', 'people', 'design', 'photo', 'â€¦']",33.0
113187,"['pink', 'striped', 'pants', 'ğŸ™ƒ', 'size', 'num', 'num', 'num', 'platform', 'loafers', 'multiple', 'sizes', 'num', 'store', 'email', 'us', 'â€¦']",43.0
23996,"['enjoying', 'weather', 'rio', 'vista', 'california']",13.0
76518,"['toner', 'one', 'amp', 'kayliedavis', 'ğŸ™Œ', 'ğŸ¼', 'brassy', 'classy', 'ğŸ˜‰', 'â€¦']",35.0
203096,"['eat', 'clean', 'train', 'hard', 'see', 'results', '\n', '\n', 'trust', 'process', 'â€¼', 'ï¸', '\n', '\n', 'works', '\n', '\n', 'gimmicks', 'â€¦']",54.0
24301,"['relationship', 'goals', '\n', '\n', 'ğŸ’¦', 'ğŸ·', 'ğŸ‘½', 'weston', 'florida']",41.0
96785,"['num', 'hvac', 'tune', 'hot', 'num', 'today', 'see', 'dana', 'stark', 'set', 'appointment', 'today']",22.0
46765,"['dont', 'let', 'yeezys', 'fool', 'im', 'actually', 'sober', 'monitor', 'â€¦']",12.0
15871,"['thanks', 'william', 'sullivan', 'pta', 'choosing', 'fabulous', 'life', 'dr', 'jay', 'motivate', 'inspire', 'â€¦']",32.0
37904,"['christmas', 'show', 'dec', 'num', 'num', 'awesome', 'â€¦']",13.0
107768,"['work', 'bauer', 'skates', 'x', 'num']",35.0
48639,"['way', 'giants', 'vs', 'dodgers', 'game']",12.0
52369,"['read', 'latest', 'opening', 'cook', '-', 'az']",13.0
180820,"['speculation', 'beard', 'leaves', 'menzies', 'hired', 'phone', 'almost', 'immediately', 'already', 'interviewed', 'â€¦']",13.0
115897,"['click', 'apply', 'social', 'worker', 'sudtp', '-', 'az']",12.0
170687,"['wind', 'num', 'num', 'mph', 'se', 'barometer', 'num', 'num', 'falling', 'temperature', 'num', 'num', 'Â°', 'f', 'rain', 'today', 'num', 'num', 'humidity', 'num']",34.0
73679,"['posted', 'photo', 'ocean', 'city', 'maryland', 'beach', 'num', 'th', 'st']",53.0
52878,"['yeah', 'awesome', 'thanks', 'drop', '-', 'ship', 'fly', 'â€¦']",35.0
117862,"['personalised', 'football', 'manchester', 'united', 'dressing', 'room', 'picture', 'amp', 'frame', 'add', 'name']",54.0
71149,"['district', 'marketing', 'manager', '-', 'compass', 'group', 'usa', 'oh']",34.0
10654,"['im', 'white', 'castle', 'south', 'plainfield', 'nj']",54.0
154867,"['ğŸ™Œ', 'ğŸ¾', 'ğŸ™Œ', 'ğŸ¾', 'ğŸ™Œ', 'ğŸ¾', 'ğŸ™Œ', 'ğŸ¾', 'ğŸ™Œ', 'ğŸ¾', '\n', '\n', 'got', 'text', 'friend', 'amp', 'flow', '-', '-', 'god', 'saying', 'exact', 'â€¦']",31.0
75771,"['desert', 'gettin', 'ready', 'coachella', 'many', 'bands', 'coachella', 'num']",12.0
40313,"['im', 'esca', 'tepepan', 'mexico', 'city', 'mexico']",21.0
110767,"['construction', 'eb', 'exit', 'num', 'rte', 'num']",54.0
197132,"['recommend', 'anyone', 'technical', 'support', 'representative', '-', 'call', 'center', '-', 'nc']",43.0
148521,"['im', 'karaoke', 'wow', 'new', 'york', 'ny']",54.0
39067,"['wouldnt', 'mind', 'going', 'back', 'night', 'ğŸ‘Œ', 'ğŸ¼', 'target', 'center']",35.0
67441,"['l', 'Ã¡', 'stima', 'que', 'seas', 'ajena', 'yo', 'tan', 'fiel']",21.0
39001,"['krov', 'hd', 'num', 'fm', 'num', 'num']",21.0
202529,"['im', '-', 'num', 'twin', 'span', 'bridge', 'new', 'orleans', 'amp', 'slidell', 'la']",31.0
4687,"['num', 'pet', 'products', 'pets', 'n', 'stuff']",24.0
17501,"['un', 'caf', 'Ã©', 'sito', 'dorm', 'Ã­', 'ğŸ‘Œ', 'los', 'bisquets', 'bisquets', 'obreg', 'Ã³', 'n', '-', 'Ã©', 'rida', 'yucat', 'Ã¡', 'n']",31.0
39910,"['medical', 'assist', '-', 'yonge', 'st', 'bw', 'gerrard', 'st', 'west', 'college', 'st', 'toronto', 'num', 'trucks']",45.0
165764,"['click', 'apply', 'service', 'associate', '-', 'la']",31.0
175086,"['recommend', 'anyone', 'night', 'warehouse', 'order', 'selector', '-', 'tx']",21.0
185140,"['tx', 'licensed', 'behavioral', 'specialist', 'school', 'accountable', 'healthcare', 'staffing']",22.0
130643,"['first', 'pizzeria', 'open', 'united', 'states']",54.0
120205,"['ğŸ¤•', 'ğŸ¤•', 'ğŸ¤’', 'ğŸ¤’', 'ğŸ˜´', 'ğŸ˜´', 'hospital', 'angeles', 'lindavista']",21.0
86486,"['taking', 'nephews', 'see', 'junglebook', 'regal', 'cinemas', 'cielo', 'vista', 'num', 'amp', 'rpx', '-', 'jungle', 'book']",21.0
193794,"['interested', 'near', 'az', 'could', 'great', 'fit']",12.0
81568,"['demonstration', 'amazing', 'interactive', 'intelligent', 'applications', 'built', 'soic', 'indiana', 'memorial', 'union']",34.0
111990,"['want', 'work', 'tn', 'view', 'latest', 'opening']",33.0
184438,"['karlaotto', '\n', 'ãƒ»', 'ãƒ»', 'ãƒ»', '\n', 'welcome', 'karla', 'otto', 'new', 'york', 'aw', 'num', 'womens', 'press', 'day', 'ğŸ“·']",54.0
119346,"['-', 'going', 'us', 'num', 'construction', 'cocoa', 'florida', 'michigan', 'avenue', 'love', 'brick', 'look', 'â€¦']",41.0
145431,"['im', 'kona', 'kai', 'resort', 'spa', 'amp', 'marina', 'san', 'diego', 'ca']",12.0
187916,"['see', 'latest', 'ca', 'click', 'apply', 'returns', '-']",12.0
115301,"['spotted', 'fashionability', 'look', '-', 'book', 'num', 'inclusionconnections', 'inclusion', 'connections']",23.0
89325,"['want', 'work', 'ca', 'technologies', 'tx', 'click', 'details']",21.0
109877,"['interested', 'near', 'tx', 'could', 'great', 'fit']",22.0
42190,"['cutie', 'â¤', 'ğŸ˜Š', 'six', 'flags', 'magic', 'mountain']",12.0
9584,"['ty', 'everyone', 'came', 'tonight', 'rocking', 'num', 'ğŸ‘', 'faces', 'mears', 'park']",35.0
72244,"['attorney', 'jobs', '-', 'jdhuntr', '-', 'num', 'counsel', '-', '-', 'house', 'counsel', 'jobs', '|', 'jdhuntr', 'us']",12.0
89714,"['days', 'installing', 'siding', 'crew', 'super', 'customtoday', 'exception']",34.0
127289,"['push', 'button', 'âš«', 'ï¸', 'ğŸ’£', 'coffee', 'ready', 'go', 'Â¡', 'âœŒ', 'ğŸ¼', 'blumenstudio']",55.0
53275,"['ca', 'corporate', 'controller', 'kelly', 'services']",12.0
155653,"['remember', 'trapping', 'momma', 'jeep', 'ğŸ™', 'ğŸ¾', 'southbeach', 'miami']",41.0
123327,"['might', 'great', 'fit', 'registered', 'nurse', 'rn', 'medicalsurgical', 'ms', '-', 'tn']",33.0
43999,"['enjoying', 'oysters', 'amp', 'ros', 'Ã©', 'beautiful', 'drive', 'coast', 'seaside', 'metal']",13.0
65533,"['getting', 'cleaned', 'bed', 'life', 'good', 'heath', 'house']",55.0
135104,"['ever', 'heard', 'trillia', 'massacre', 'epcot', '-', 'walt', 'disney', 'world']",41.0
12239,"['game', 'time', 'bowlmor', 'chelsea', 'piers']",54.0
184230,"['snake', 'season', 'snake', 'whisper', 'back', 'haha', 'weird', 'thing', 'smell', 'â€¦']",21.0
174321,"['yesterdays', 'setlist', 'shorter', 'usual', 'still', 'fun', 'said', 'â€¦']",22.0
23923,"['well', 'promo', 'vid', 'blackout', 'num', 'live', 'go', 'check', 'link', 'bio', 'epic', 'cant', 'â€¦']",45.0
29796,"['shop', '\n', '\n', 'num', 'online', 'transition', 'spring', 'summer', 'â€¦']",32.0
147787,"['posted', 'photo', 'carson', 'creek', 'ranch']",21.0
159463,"['much', 'love', 'thatchocolatedrop', 'num', 'quicken', 'loans', 'arena']",44.0
195506,"['want', 'work', 'nc', 'view', 'latest', 'opening']",43.0
138617,"['unruly', 'gang', 'building', 'w', 'tonight', 'monroe', 'unruly', 'ğŸ”¥', 'monroe']",55.0
96325,"['im', 'denver', 'gardens', 'denver', 'co']",24.0
57210,"['world', 'series', 'attitude', 'âš¾', 'ï¸', 'ğŸ’‹', 'pnc', 'park']",44.0
97960,"['alert', 'nurse', '|', 'department', 'veterans', 'affairs', '|', 'nc']",42.0
86269,"['excited', 'perform', 'atl', 'cant', 'wait', 'see', 'amp', 'kill', 'â€¦']",32.0
188103,"['walk', 'future', 'seniors', 'welcoming', 'kindergarteners', 'big', 'school', 'ğŸ˜­', 'â€¦']",22.0
183180,"['mi', 'retail', 'customer', 'service', 'associate', 'fedex', 'office']",35.0
65038,"['tried', 'kill', 'us', 'way', 'num', 'daughters', 'brewery', '-', 'saint', 'petersburg', 'fl']",41.0
171527,"['fall', 'love', 'pink', 'pants', 'lace', 'top', 'cant', 'go', 'wrong', 'simple', 'necklace', 'â€¦']",42.0
113415,"['interested', 'near', 'ca', 'could', 'great', 'fit']",13.0
20428,"['num', 'th', 'annual', 'ct', 'capoeira', 'event', 'may', 'num', 'st']",54.0
139414,"['entregando', 'documentaci', 'Ã³', 'n', 'para', 'el', 'respectivo', 'registro', 'instituto', 'estatal', 'electoral', 'de', 'hidalgo', 'ieeh']",21.0
45826,"['live', 'classic', 'rock', 'fresh', 'seafood', 'family', '\n', '\n', 'cc', 'â€¦']",41.0
128124,"['interested', 'near', 'tx', 'could', 'great', 'fit']",21.0
115914,"['tristonyaklin', 'num', 'caught', 'first', 'catfish', 'ğŸ˜‚', 'fred', 'berry', 'â€¦']",33.0
191971,"['see', 'latest', 'mi', 'click', 'apply', 'corporate', 'sales', 'amp', 'marketing', 'assistant', '-']",35.0
81462,"['southland', 'park', 'spring', 'futurity', 'stakes', 'round', 'num', 'sunday', 'program', 'schedule']",32.0
788,"['al', 'num', 'jajajajaj', 'instituto', 'tecnol', 'Ã³', 'gico', 'de', 'Ã©', 'rida', 'campus', 'poniente', '-', 'merida', 'yuc']",31.0
27095,"['haber', 'que', 'tal', 'fe', 'de', 'ciegos', 'coyoac', 'Ã¡', 'n', 'distrito', 'federal']",21.0
100064,"['see', 'latest', 'ia', 'click', 'apply', 'nclex', 'rn', 'instructor', '-', 'sioux', 'city', 'ia', '-']",25.0
66844,"['listos', 'ya', 'foro', 'sol', 'coldplay', 'lianne', 'la', 'havas', 'iztacalco', 'df']",21.0
67392,"['gingin', 'mule', 'lemon', 'negroni', 'muldoons', 'patio', '\n', '\n']",21.0
152717,"['robert', 'half', 'finance', 'amp', 'accounting', 'senior', 'accountant', 'il']",35.0
102317,"['strategy', 'manager', '-', 'fresenius', 'medical', 'care']",55.0
180662,"['thursdays', 'wear', 'celine', 'pink', 'macchiato', 'espresso', 'bar']",54.0
167894,"['recommend', 'anyone', 'general', 'manager', '-', 'tx']",22.0
46794,"['thats', 'say', 'yu', '-', 'high', '-', 'ruh']",41.0
86474,"['recommend', 'anyone', 'store', 'manager', '-']",44.0
62389,"['-', 'num', 'num', 'num', 'marquee', 'theatre']",12.0
54482,"['see', 'latest', 'california', 'click', 'apply', 'senior', 'devops', 'engineer', '-', 'sf', '-']",13.0
193237,"['recommend', 'anyone', 'rn', 'case', 'manager', '-', 'mo']",23.0
81122,"['jammed', '-', 'num', 'nb', 'columbus', 'blvd', 'allegheny', 'ave', 'delay', 'num', 'mins']",54.0
65159,"['tootsies', 'hurt', 'chair', 'hadwhats', 'gal', 'viva', 'las', 'vegas', 'â€¦']",13.0
186117,"['click', 'apply', 'outside', 'sales', 'representative', '-', 'ny']",45.0
54569,"['lets', 'terminal', 'central', 'de', 'autobuses', 'del', 'norte', '-', 'gustavo', 'madero', 'Ã©', 'xico', 'df']",21.0
44518,"['cada', 'Ã±', 'de', 'vida', 'es', 'una', 'puerta', 'abierta', '\n', '\n', 'un', 'ciclo', 'cerrado', 'una', 'bendici', 'Ã³', 'n', '\n', '\n', 'esta', 'ciudad', 'merece', 'â€¦']",21.0
196533,"['awesome', 'time', 'last', 'christmas', 'cbasrolo', 'num', 'delivering', 'presents', 'fam', 'â€¦']",41.0
36394,"['odd', 'market', 'autry', 'museum', 'tonight', 'num', 'food', 'trucks', 'live', 'band', 'kid', 'zone', 'â€¦']",12.0
196412,"['best', 'part', 'whats', 'wednesday', 'lip', 'sync', 'night', 'â€¦']",43.0
152380,"['interested', 'near', 'ca', 'could', 'great', 'fit']",13.0
77071,"['interested', 'near', 'texas', 'could', 'great', 'fit']",21.0
149655,"['hoy', 'toc', 'Ã³', 'pierna', 'Ã±', 'ana', 'milanesa', 'smart', 'fit', 'zaragoza', 'santiago', 'de', 'quer', 'Ã©', 'taro', 'queretaro']",21.0
149255,"['recap', 'num', 'k', 'link', 'profile', 'cant', 'wait', 'run', 'september']",45.0
37466,"['must', 'contreras', 'cochina', 'market', 'square', 'downtown', 'san', 'antonio']",21.0
89860,"['cimc', 'enric', 'sjz', 'gas', 'equipment', 'sr', 'business', 'analyst', 'tx']",21.0
60225,"['last', 'flee', 'degree', 'ğŸ“', 'ğŸ‰', 'macdintons', 'irish', 'pub']",41.0
172032,"['alert', 'physical', 'therapist', '-', 'per', 'diem', '|', 'honorhealth', '|', 'az']",12.0
147009,"['stop', 'violence', 'â€¢', 'shatter', 'silence', 'youngstown', 'state', 'university']",44.0
20175,"['drinking', 'peachy', 'pom', 'pom', 'â€”']",35.0
37926,"['recommend', 'anyone', 'driver', 'formula', 'shuttle', 'columbia', 'sc', '-', 'south', 'carolina']",42.0
114542,"['want', 'work', 'view', 'latest', 'opening']",35.0
31094,"['balloon', 'dog', 'jeff', 'koons', 'broad']",12.0
27990,"['let', 'smile', 'change', 'world', 'dont', 'let', 'world', 'change', 'â€¦']",13.0
189178,"['nomas', 'venimos', 'despedirnos', 'hotel', 'hacienda', 'mazatlan', 'sinaloa']",21.0
18351,"['disfrutando', 'nuestra', 'estancia', 'en', 'el', 'south', 'congress', 'hotel', 'en', 'austin', 'muy', 'recomendable']",21.0
70497,"['accident', 'ann', 'rd', 'durango', 'dr']",13.0
182084,"['might', 'great', 'fit', 'sales', 'associate', 'jcrew', 'retail', 'dartmouth', '-', 'nh']",55.0
159178,"['dream', 'big', 'never', 'let', 'anyone', 'tell', 'youre', 'scary', '\n', '\n']",41.0
64420,"['cvs', 'health', 'pharmacy', 'technician', 'la']",32.0
36894,"['drinking', 'ipa', 'village', 'pub', 'amp', 'beer', 'garden', 'â€”']",33.0
82410,"['recommend', 'anyone', 'busser', 'runner', '-', 'ia']",25.0
131275,"['avalonbay', 'bilingual', 'leasing', 'consultant', 'md']",44.0
70794,"['great', 'day', 'fun', 'reunite', 'team', '-', '\n', 'fbf', 'bts', 'â€¦']",12.0
180290,"['want', 'work', 'ut', 'view', 'latest', 'opening']",14.0
124296,"['beams', 'see', 'today', 'num', '-', 'num', 'pm', 'spears', 'â€¦']",23.0
198955,"['cvs', 'health', 'pharmacy', 'technician', 'md']",44.0
190024,"['centura', 'health', 'operating', 'room', 'registered', 'nurse', 'num', 'sign', '-', 'ortho', 'team', 'job', 'co']",24.0
130868,"['hopefully', 'wins', 'ranking', 'points', 'today', 'go', 'num', 'bethlehem', 'pa']",54.0
102064,"['see', 'latest', 'maryland', 'click', 'apply', 'full', 'time', 'home', 'health', 'physical', 'therapist', 'assistant', '-']",44.0
114993,"['recommend', 'anyone', 'locum', 'medical', 'dosimetrist', '-', 'ok']",23.0
188283,"['congrats', 'mr', 'neal', 'named', 'student', 'day', 'gentleman', 'comes', 'multiple', 'times', 'â€¦']",32.0
84611,"['funny', 'faces', 'make', 'life', 'enjoyable', '\n']",24.0
26147,"['real', 'trouble', 'trying', 'put', 'google', 'store', 'kindle']",43.0
170177,"['weeki', 'fox', 'weeki', 'wachee', 'river']",41.0
50545,"['ummmm', 'goal', 'hawks', 'homoky', 'tiki', 'bar', 'chicago', 'il']",35.0
125227,"['que', 'loca', 'puse', 'al', 'rayarme', 'yo', 'sola', 'ğŸ™„', 'ğŸ˜­']",11.0
165776,"['kind', 'happy', 'hour', 'ğŸ†', 'ğŸ…', 'ğŸ ', 'ğŸŒ¶', 'ğŸŒ½', '\n', '\n', '\n', '\n']",44.0
144690,"['ahogando', 'mi', 'depresi', 'Ã³', 'n', 'en', 'sopes', 'pozole', 'ğŸ˜­', 'ğŸ˜¢', 'el', 'pozole', 'jos', 'Ã©', 'guadalajara', 'jalisco']",21.0
29212,"['simply', 'afternoon', 'brooklyn', 'gym', 'deserved', 'carbonara']",54.0
140722,"['celeste', 'akoro', 'putting', 'work', 'num', 'num', 'num', 'â€¦']",33.0
133335,"['im', 'historic', 'downtown', 'flagstaff', 'flagstaff', 'az']",13.0
73348,"['alert', 'travel', 'nurse', 'emergency', 'room', 'rn', 'night', 'shift', 'job', '-', 'num', '|', 'fastaff', 'travel', 'nursing', '|', 'ca']",13.0
91546,"['come', 'play', 'hoes', 'tallahassee', 'florida']",31.0
78672,"['im', 'animation', 'academy', '-', 'anaheim', 'ca']",12.0
22542,"['sunrise', 'senior', 'living', 'cook', 'va']",43.0
130400,"['guess', 'day', 'today', 'first', 'day', 'good', 'luck', 'competing', 'baristas']",35.0
19640,"['happy', 'beautiful', 'soul', 'know', 'â¤', 'ï¸', 'couldnt', 'born', 'luckier', 'â€¦']",41.0
50287,"['im', 'fraccionamiento', 'la', 'joya', 'ocotlan', 'tlaxcala']",21.0
148064,"['huron', 'county', 'poetry', 'slam', 'judge', 'holly', 'painter', 'painter']",45.0
137452,"['im', 'olympus', 'stairs', 'san', 'francisco', 'ca']",13.0
199081,"['want', 'work', 'citizens', 'bank', 'click', 'details']",55.0
13676,"['shall', 'call', 'cause', 'hes', 'motha', 'fuxken', 'paseos', 'montclair', 'â€¦']",12.0
1418,"['finally', 'cant', 'wait', 'see', 'everyone', 'looking', 'best']",41.0
85811,"['interested', 'near', 'nc', 'could', 'great', 'fit']",43.0
127335,"['\n', 'best', 'self', 'motivation', '\n']",54.0
52346,"['sound', 'check', 'eeeeeeeeeeeeeek', 'house', 'blues', 'las', 'vegas']",13.0
120794,"['wind', 'num', 'num', 'mph', 'w', 'barometer', 'num', 'num', 'rising', 'temperature', 'num', 'num', 'Â°', 'f', 'rain', 'today', 'num', 'num', 'humidity', 'num']",32.0
90535,"['click', 'apply', 'registered', 'nurse', '-', 'ok']",22.0
8465,"['mc', 'num', 'adla', '-', 'num']",13.0
188488,"['much', 'respect', 'continuing', 'advocates', 'glad', 'made', 'â€¦']",43.0
8651,"['lil', 'brotha', 'zeldasnightclub', 'zeldas', 'night', 'club']",12.0
135448,"['ltoriongt', 'love', 'escelators', 'never', 'break', 'temporarially', 'turn', 'stairs']",13.0
97062,"['limeconference', 'today', 'ready', 'senyorlime', 'invite', 'â€¦']",33.0
46126,"['another', 'colorway', 'nike', 'air', 'uptempo', 'hitting', 'shelves']",21.0
2206,"['coldplay', 'alla', 'vamos', 'aeropuerto', 'internacional', 'de', 'monterrey', 'mty', '-', 'apodaca', 'nl', 'w']",21.0
185688,"['join', 'houston', 'methodist', 'sugar', 'land', 'hos', 'team', 'see', 'latest', 'opening']",21.0
67404,"['posted', 'photo', 'chicago', 'state', 'university']",35.0
128948,"['interested', 'near', 'ny', 'could', 'great', 'fit']",45.0
14070,"['omg', 'happy', 'num', 'nd', 'birthday', 'mitch', 'thank', 'buying', 'shots', 'â€¦']",44.0
3615,"['medical', 'assistant', '-', 'mercy', 'mo']",23.0
41924,"['amazing', 'times', 'tonight', 'sifen', 'elite', 'meet', 'ran', 'personal', 'best', 'num', 'k', 'laura', 'num', 'Âº', 'num', 'num', 'min', 'â€¦']",54.0
97618,"['drinking', 'vietnamese', 'speedway', 'stout', 'num', 'â€”']",55.0
99286,"['hb', 'num', 'engross', 'partnerships', 'statute', 'frauds', 'governing', 'law']",24.0
100584,"['hhgregg', 'retail', 'manager', 'training', 'wi']",35.0
170970,"['next', 'stop', 'âœˆ', 'ï¸', 'london', 'ğŸ‡¬', 'ğŸ‡§']",54.0
119125,"['join', 'aerotek', 'team', 'see', 'latest', 'opening', 'az']",12.0
120323,"['ran', 'spider', '-', 'man', 'less', 'smelly', 'counterpart', 'times', 'square', 'midtown', 'comics', 'times', 'â€¦']",54.0
37089,"['letting', 'home', 'run', 'balls', 'hit', 'flinching', 'boston']",55.0
167811,"['hanging', 'matt', 'grevers', 'lake', 'forest', 'high', 'school', 'weight', 'â€¦']",35.0
204553,"['read', 'latest', 'opening', 'systems', 'engineer', 'government', 'sales', '-', 'va']",44.0
23249,"['perfect', 'way', 'end', 'day', 'filled', 'baseball', 'happy', 'jackie', 'robinson', 'day', 'texas', 'rangers', 'â€¦']",22.0
33673,"['got', 'tonight', 'join', 'us', 'next', 'time', 'see', 'like', 'get', 'better', 'â€¦']",44.0
116776,"['see', 'video', 'tour', 'num', 'thornewood', 'dr']",32.0
132306,"['hjr', 'num', 'passed', 'williamsburg', 'session', 'expressing', 'appreciation', 'hospitality', 'extended']",43.0
141715,"['witty', 'imaginary', 'victimization', 'nothing', 'legitimacy', 'angry', 'finger', 'pointing', 'bs']",24.0
138140,"['ca', 'per', 'diem', 'clinical', 'dietitian', 'fresno', 'ca', 'compass', 'group', 'usa']",13.0
77791,"['keine', 'kalifornien', '-', 'reise', 'ohne', '-', 'n', '-', 'burger', 'fishermans', 'wharf', 'â€¦']",13.0
17417,"['lights', 'dark', 'lynn', 'classical', 'high', 'school']",55.0
58234,"['successful', 'first', 'time', 'visiting', 'los', 'angeles', 'zoo', 'bergstagram', 'num', 'los', 'â€¦']",12.0
180686,"['multi', 'unit', 'leadersupervisor', '-', 'sonic', 'drive', '-', 'mo']",34.0
42807,"['im', 'mcdonalds', 'broken', 'arrow', 'ok']",23.0
194882,"['alert', 'physician', 'assistant', '-', 'primary', 'care', '|', 'department', 'veterans', 'affairs', '|', 'wi']",35.0
192442,"['im', 'angelos', 'ann', 'arbor', 'mi']",35.0
131726,"['jorge', 'celedon', 'de', 'fiesta', 'en', 'Ã©', 'xico', 'lindo', 'querido', 'jorgeceledonoficial']",21.0
161217,"['hang', 'bee', 'fun', 'new', 'people', 'nearby', 'sign', 'badoo']",54.0
153024,"['see', 'nothing', 'wrong', 'dr', 'songs', 'whore', 'comment', 'clinton', 'wall', 'street', 'whore']",43.0
23535,"['futuro', 'j', 'Ã¡', 'come', 'Ã§', 'ou', 'presentinho', 'que', 'lembrou', 'uma', 'palavra', 'prof', 'Ã©', 'tica', 'da', 'laura', 'futuro', 'â€¦']",21.0
62030,"['great', 'night', 'baseball', 'spalding', 'u', 'baseball']",33.0
108169,"['accident', 'right', 'lane', 'blocked', 'century', 'ave', 'nb', 'north', 'num']",35.0
186834,"['join', 'forward', 'air', 'transportation', 'services', 'team', 'see', 'latest', 'opening']",34.0
64009,"['day', 'best', 'chickasaw', 'state', 'park']",33.0
99767,"['federal', '-', 'mogul', 'manufacturing', 'production', 'mi']",35.0
105672,"['interested', 'near', 'co', 'could', 'great', 'fit']",24.0
8586,"['ğŸ¸', 'ğŸ¸', 'ğŸ¸', 'melrose', 'umbrella', 'co', 'los', 'angeles', 'ca']",12.0
186293,"['im', 'bridgewater', 'commons', 'mall', 'bridgewater', 'nj']",54.0
48607,"['sometimes', 'friday', 'night', 'need', 'live', 'music', 'unwind', 'pour', 'house', 'â€¦']",42.0
38673,"['tonight', 'get', 'busy', 'lil', 'lonnie', 'come', 'kick', 'eight', 'mke']",35.0
60828,"['theres', 'nothing', 'love', 'seeing', 'kids', 'family', 'truly', 'â€¦']",33.0
92520,"['alert', 'sales', 'associate', '|', 'express', '|', 'nh']",55.0
3766,"['join', 'quincy', 'medical', 'group', 'team', 'see', 'latest', 'opening', 'il']",34.0
184385,"['ok', 'assistant', 'manager', 'sonic', 'drive', '-']",23.0
154167,"['today', 'â€™', 'puzzle', 'jason', 'flinn', 'â€”', 'cse', 'colleague']",35.0
72258,"['arehappy', 'attended', 'toni', 'blakes', 'session', 'today', 'â™¡', 'â€¦']",21.0
158819,"['click', 'apply', 'physician', '-', 'pa']",44.0
181268,"['get', 'trying', 'get', 'ticket', 'step', 'show', 'tomorrow', 'num', 'tickets', 'left', 'num', 'â€¦']",32.0
203166,"['stray', 'cats', 'ive', 'petted', 'throughout', 'lifetime', 'endorsing', 'campaign', 'even', 'â€¦']",34.0
188294,"['vanilla', 'marshmallow', 'chocolate', 'reeses', 'cup', 'swirl', 'sampan', 'restaurant', 'â€¦']",54.0
37346,"['thanks', 'spontaneously', 'skipping', 'movie', 'go', 'see', 'baseball', 'game', 'congrats', 'â€¦']",44.0
177434,"['alert', 'barista', 'us', '|', 'starbucks', '|']",13.0
7761,"['miami', 'num', 'apr', 'num', 'num', 'Â°', 'f', 'much', 'needed', 'rain', 'continue', 'day', 'temps', 'num', 'Â°', 'f', 'sun', 'num', 'num', 'good', 'morning']",41.0
164104,"['dinner', 'moms', 'ğŸ˜', 'eagles', 'nest']",44.0
93530,"['join', 'aerotek', 'team', 'see', 'latest', 'opening', 'mo']",33.0
9785,"['click', 'apply', 'assistant', 'manager', '-', 'oklahoma', 'city', 'ok', '-', 'ok']",23.0
14029,"['first', 'time', 'ive', 'parking', 'lot', 'drinking', 'budweiser', 'blaring', 'donnie', 'trumpet', 'amp', 'social', 'experiment', 'phone']",31.0
158301,"['want', 'work', 'vcu', 'health', 'system', 'va', 'click', 'details']",43.0
179891,"['happy', 'birthday', 'webber', 'love', 'moon', 'backamp', 'blessed', 'life', 'hope', 'num', 'treats', 'well', 'ğŸ’™']",33.0
13621,"['cleared', 'incident', 'eb', 'bellt', 'parkway', 'brooklyn']",54.0
52285,"['blake', 'mills', 'opening', 'mumford', 'amp', 'sons', 'bridgestone', 'arena']",33.0
98472,"['flannel', 'new', 'homeless', 'ğŸ“¦', 'rags', 'riches']",35.0
169153,"['ingram', 'content', 'group', 'order', 'processor', 'part', '-', 'time', 'ca']",12.0
2234,"['im', 'new', 'york', 'city', 'bagel', 'amp', 'coffee', 'house', 'astoria', 'ny']",54.0
103931,"['panera', 'bread', 'baker', '-', 'night', 'va']",43.0
124228,"['interested', 'near', 'ok', 'could', 'great', 'fit']",23.0
67018,"['im', 'showcase', 'bridgeport', 'bridgeport', 'ct']",54.0
128465,"['buenos', 'Ã­', 'canc', 'Ãº', 'n']",31.0
64785,"['recommend', 'anyone', 'services', 'architect', '-', 'tdm', '-', 'grid', 'tools', '-', 'ca']",13.0
4011,"['pretty', 'fleek', 'collectiont', '-', 'shirt', 'tote', 'bag', 'num', '\n']",33.0
56473,"['amo', 'los', 'viernes', 'de', 'parque', 'su', 'lado']",21.0
137602,"['usgs', 'reports', 'num', 'num', 'num', 'km', 'w', 'cobb', 'california', 'num', 'num', 'num', 'num', 'num', 'num', 'utc']",13.0
4049,"['well', 'since', 'im', 'leftover', 'icing', 'cake', 'batter', 'two', 'cakes', 'finished', 'â€¦']",44.0
124895,"['want', 'work', 'tx', 'view', 'latest', 'opening']",22.0
186603,"['see', 'latest', 'az', 'click', 'apply', 'registry', 'respiratory', 'therapist', '-', 'respiratory', 'therapy', '-']",12.0
115908,"['heading', 'soon', 'see', 'amazing', 'lady', 'ink', 'therapy', 'saratoga', 'tattoo', 'expo']",55.0
5359,"['temp', 'num', 'num', 'f', 'w', 'c', 'num', 'num', 'f', 'wind', '-', '-', '-', 'num', 'num', 'kts', 'baro', 'num', 'num', 'mb', 'rising', 'slowly', 'rain', 'today', 'num', 'num', 'r', 'h', 'num']",44.0
59901,"['ya', 'llegu', 'Ã©', 'ğŸ˜', 'ğŸ˜', 'ğŸ˜', 'ğŸ˜', 'ğŸ˜', 'monterrey', 'nle', 'nuevo', 'le', 'Ã³', 'n', 'w']",21.0
190395,"['im', 'newark', 'liberty', 'international', 'airport', 'ewr', 'newark', 'nj']",54.0
100074,"['alert', 'assistant', 'manager', '|', 'sonic', 'drive', '-', '|', 'md']",44.0
87462,"['oh', 'panera', 'bread', 'hiring', 'managers', 'new', 'location', 'opening', 'covelli', 'enterprises']",44.0
67348,"['grinding', '\n', 'lvac', 'north', '-', 'las', 'vegas', 'â€¦']",13.0
182388,"['see', 'latest', 'tx', 'click', 'apply', 'installed', 'sales', 'coordinator', '-']",21.0
126051,"['medical', 'record', 'technician', 'tumor', 'registrar', '-', 'department', 'veterans', 'affairs', 'co']",24.0
112589,"['num', 'kudzu', 'dr', 'spring', 'tx', 'num', 'num', 'num', 'num', 'beds', 'num', 'num', 'baths']",21.0
62861,"['awesome', 'views', 'hiking', 'gloss', 'mountain', 'state', 'park', 'gloss', 'mountain', 'state', 'park']",23.0
49653,"['filter', 'isnt', 'even', 'needed', 'gods', 'beautiful', 'creation', 'soooo', 'amazing', 'great', 'know', 'â€¦']",33.0
26480,"['jungle', 'book', 'tonight', 'kind', 'excited', 'watch', 'movie', 'one', 'favorites', 'childhood', 'â€¦']",41.0
168587,"['headed', 'first', 'game', 'tonight', 'make', 'sure', 'check', 'new', 'â€¦']",32.0
84849,"['hanging', 'scaa', 'expo', 'vendors', 'show']",32.0
193066,"['bear', 'lake', 'bound', 'day', 'affair', 'rockies']",24.0
55262,"['fed', 'courthouse', 'lasvegas', 'people', 'went', 'inside', 'arraignment', 'bundy', 'brothers', 'oregonstandoff', 'â€¦']",13.0
143832,"['luv', 'titan', 'gear', 'stand', 'strong', 'titan', 'family', 'ğŸ’ª', 'ğŸ‘‘', 'ğŸ’ª', 'ğŸ‘‘', 'ğŸ’ª', 'ğŸ‘‘', '\n', '\n', 'get', 'board', 'â€¦']",41.0
41152,"['iron', 'maiden', 'stalkers', 'num', 'team', 'photo']",12.0
126293,"['running', 'hurts', 'little', 'less', 'neck', 'woods']",43.0
8161,"['temp', 'num', 'num', 'f', 'w', 'c', 'num', 'num', 'f', 'wind', '-', '-', '-', 'num', 'num', 'kts', 'baro', 'num', 'num', 'mb', 'rising', 'slowly', 'rain', 'today', 'num', 'num', 'r', 'h', 'num']",44.0
92723,"['join', 'linde', 'us', 'team', 'see', 'latest', 'opening', 'ga']",32.0
74582,"['Â¡', 'feliz', 'cumplea', 'Ã±', 'os', 'num', 'la', 'cumplea', 'Ã±', 'era', 'bueno', 'mas', 'menos', 'porque', 'quizo', 'sonre', 'Ã­', 'r', 'para', 'la', 'â€¦']",21.0
173000,"['interested', 'near', 'tx', 'could', 'great', 'fit']",21.0
114586,"['retail', 'store', 'warehouse', 'associate', '-', 'bobs', 'discount', 'furniture', 'md']",44.0
15749,"['â€¢', 'day', 'num', 'stark', 'muh', 'little', 'â€¢', 'best', 'trip', 'stark', 'yet', 'lolz', 'ricks', 'cafe']",32.0
187990,"['anniversary', 'lunch', 'himalayan', 'curry', 'amp', 'grill', 'lancaster', 'pa']",44.0
180815,"['md', 'store', 'seasonal', 'employee', '-', 'building', 'materials', 'lowes', 'stores']",43.0
204813,"['e', '-', 'cigarette', 'explodes', 'mall', 'kiosk', 'leaving', 'teen', 'blind', 'one', 'eye', 'fox', 'num', 'morning']",34.0
85343,"['proud', 'piece', 'unpopped', 'popcorn', 'next', 'num', 'years', '-', 'â€¦']",44.0
80550,"['lowes', 'stores', 'store', 'seasonal', 'employee', 'mo']",24.0
91453,"['wave', 'god', 'â„¢', 'coachella', 'valley', 'preserve', '-', 'thousand', 'palms', 'oasis']",12.0
40084,"['found', 'kung', 'fu', 'panda', 'bench', 'middle', 'central', 'park', 'jungles', 'ğŸ¼', 'central', 'park']",54.0
27544,"['ajustar', 'mi', 'dieta', 'por', 'que', 'de', 'plano', 'aguante', 'el', 'ejercicio', 'de', 'hoy', 'toks', 'santa', 'fe', 'df']",21.0
100973,"['words', 'cant', 'describe', 'graditude', 'towards', '-', 'im', 'one', 'ask', 'â€¦']",54.0
26824,"['num', 'num', 'Â°', 'f', 'please', 'keep', 'thoughts', 'mercy', 'â€¦']",45.0
90158,"['ky', 'travel', 'physical', 'therapist', 'supplemental', 'health', 'care']",33.0
61288,"['cancun', 'playa', 'delfines', 'el', 'mirador']",31.0
101128,"['click', 'apply', 'call', 'center', '-', 'customer', 'service', '-']",55.0
49272,"['spicy', 'guac', 'amp', 'spicy', 'blood', 'orange', 'margs', 'geronimo', 'tequila', 'bar', 'southwest', 'grill', 'fairfield']",54.0
37381,"['ca', 'staff', 'nurse', 'ii', '-', 'davacute', 'rehab', 'noc', 'num', 'num', '-', 'california', 'pacific', 'medical', 'center']",13.0
36732,"['mochi', 'date', 'babe', 'â¤', 'ï¸', 'â¤', 'ï¸', 'â¤', 'ï¸', 'ğŸ˜˜', 'little', 'tokyo', 'japanese', 'village']",12.0
51007,"['excited', 'announce', 'piece', 'please', 'kind', 'im', 'mess', 'performed', 'â€¦']",54.0
201395,"['im', 'track', 'num', 'chicago', 'il']",35.0
144993,"['celebrating', 'friend', 'lilly', 'b', '-', 'day', '\n']",44.0
41489,"['miss', 'creamat', 'miss', 'na', 'din', 'namin', 'ang', 'paumajwow', 'thank', 'angela', '\n']",12.0
56318,"['relay', 'life', 'num', 'west', 'kendall', 'baptist', 'hospital']",41.0
29984,"['goool', 'de', 'tony', 'lopez', 'un', 'tronco', 'mete', 'goool', 'num', '-', 'num', 'al', 'num']",21.0
164468,"['want', 'work', 'mi', 'view', 'latest', 'opening']",35.0
114997,"['want', 'work', 'tx', 'view', 'latest', 'opening']",21.0
173875,"['im', 'normandale', 'community', 'college', '-', 'bloomington', 'mn']",25.0
188911,"['mumford', 'sons', 'donate', 'profits', 'charlotte', 'show', 'local', 'lgbt', 'charity', 'hb', 'num']",43.0
29298,"['oklahomas', 'ag', 'wasting', 'taxpayer', 'money', 'unprecedented', 'budget', 'crisis', 'vote']",23.0
56518,"['num', 'years', 'young', 'Î´', 'Î´', 'Î´', 'soldiers', 'amp', 'sailors', 'memorial', 'hall', 'amp', 'museum', 'trust']",44.0
117242,"['posted', 'photo', 'wizarding', 'world', 'harry', 'potter', 'universal', 'studios', 'hollywood']",12.0
35205,"['horchata', 'subtle', 'works', 'well', 'p', 'se', 'Ã±', 'orita', 'horchata', 'imperial', 'porter', 'num']",24.0
55187,"['alert', 'store', 'seasonal', 'employee', 'inside', 'outside', 'garden', '|', 'lowes', 'stores', '|', 'ca']",12.0
163145,"['ok', 'cook', 'sonic', 'drive', '-']",23.0
181335,"['posted', 'photo', 'producciones', 'los', 'plebes']",21.0
141017,"['snoop', 'dogg', 'coming', 'imperial', 'valley', 'brawley', 'places', 'lindavaguiar', 'veronicavianey', 'â€¦']",12.0
22593,"['darle', 'el', 'gaucho', 'tradicional', 'le', 'Ã³', 'n', 'gto']",21.0
202533,"['vegan', 'terror', 'ğŸ™Š', 'ğŸ„', 'ğŸ†', 'ğŸ—½', 'brooklyn', 'greenpoint', 'ny']",54.0
54613,"['num', 'hr', '\n', 'nothing', '\n', '\n']",22.0
197933,"['im', 'aeropuerto', 'internacional', 'de', 'la', 'ciudad', 'de', 'Ã©', 'xico', 'mex', '-', 'venustiano', 'carranza', 'df']",21.0
183124,"['store', 'manager', '-', 'whbm', 'az']",12.0
78168,"['kid', 'put', 'edible', 'spray', 'paint', 'pizza', 'im', 'fucking', 'done']",45.0
1805,"['im', 'parque', 'nacional', 'desierto', 'de', 'los', 'leones', '-', 'cuajimalpa', 'df']",21.0
55035,"['drinking', 'pink', 'boots', 'apricot', 'gose', 'â€”']",43.0
41379,"['lml', 'â˜€', 'ï¸', 'wentzville', 'missouri']",33.0
154559,"['listo', 'en', 'el', 'peso', 'roberto', 'el', 'perro', 'leon', 'para', 'su', 'pelea', 'el', 'dia', 'num', 'de', 'abril', 'en']",11.0
189918,"['might', 'great', 'fit', 'medical', 'precision', 'assembly', '-', 'ca']",13.0
93962,"['drinkable', '-', 'drinking', 'funky', 'gold', 'simcoe', 'â€”']",21.0
68587,"['great', 'power', 'comes', 'great', 'responsibility', '-', 'amazing', 'spider', '-', 'man', 'cosplay', '\n', 'ğŸŒŸ', '\n']",41.0
138585,"['full', 'house', 'ğŸ’ƒ', 'ğŸ’ª', 'ragna', 'â€¦']",11.0
72766,"['num', 'tvs', 'working', 'perfectly', 'free', 'num', 'amp', 'num', 'sony', 'celebration']",41.0
33941,"['dream', 'car', 'ğŸ˜', 'ğŸ˜', 'bobs', 'big', 'boy']",12.0
48709,"['might', 'bad', 'place', 'num', 'seconds', 'apartment', 'darlins', 'ipa']",55.0
57313,"['house', 'platter', 'grilled', 'chicken', 'rice', 'workout', 'meal', '\n', '\n']",54.0
55444,"['rock', 'n', 'roller', 'coaster', 'aerosmith', 'fun', 'ğŸ”¥', 'ğŸ¢', 'ğŸ¸', 'disneys', 'hollywood', 'studios']",41.0
48555,"['click', 'apply', 'expert', 'services', 'specialist', '-', 'il']",35.0
74950,"['alert', 'barista', 'us', '|', 'starbucks', '|', 'num', 'first', 'avenue', 'ny']",54.0
140139,"['money', 'wall', 'march', 'num', 'âœ¨', 'laurel', 'canyonmulholland']",12.0
37586,"['precision', '-', 'num', 'men', 'drumming']",13.0
121218,"['ri', 'manager', 'trainee', '-', 'retail', 'sales', 'speedway']",55.0
135006,"['oops', 'caf', 'Ã©', 'para', 'Ã­', 'Ã©', 'xico', 'df']",21.0
33365,"['fd', 'dance', 'new', 'life', 'church']",13.0
162309,"['recommend', 'anyone', 'med', 'surgtele', '-', 'ca']",12.0
178776,"['might', 'great', 'fit', 'palletizer', '-', 'mn']",35.0
106939,"['ca', 'cnc', 'lathe', 'machinist', 'aerotek']",12.0
130343,"['im', 'ready', '\n', '\n', 'everything', 'enjoy', 'weekend', '\n', '\n', 'good', 'morning', '\n', '\n']",54.0
13160,"['sonic', 'drive', '-', 'cook', 'wv']",43.0
91050,"['kiddos', 'fun', 'animals', 'winston', 'brielle', 'aliyanna', 'brevard', 'zoo', 'â€”']",41.0
115098,"['reliving', 'u', 'edge', 'days', 'ğŸ', '\n', '\n', 'amp', 'thank', 'always', 'making', 'forget', 'old', 'really', 'ğŸ¹', 'ğŸ‘µ', 'ğŸ¼']",44.0
89071,"['store', 'director', 'madewell', 'bridgewater', 'commons', '-', 'madewell', 'nj']",54.0
181062,"['finanzas', 'time', 'banorte', 'san', 'pedro', 'garza', 'garc', 'Ã­', 'nl']",21.0
189464,"['arkstek', 'clarity', 'reports', 'developer', 'co']",24.0
191880,"['sure', 'reason', 'smile', 'face', 'recently', 'ğŸ˜Š', 'ridges']",43.0
65936,"['riding', 'rain', 'worth', 'views', 'hymasa', 'trail']",13.0
116590,"['w', 'friends', 'amp', 'claro', 'con', 'el', 'doctor', 'peligro']",21.0
31023,"['first', 'game', 'season', 'dodger', 'â€¦']",12.0
62655,"['opened', 'graffiti', 'request', 'via', 'iphone', 'num', 'chenery', 'st', 'graffiti', 'removal']",13.0
24746,"['v', 'charlotte', 'broadcasting', 'live', 'num', 'p', '-', 'num', 'num', 'fridays', 'presents', 'coconut', 'affair', 'â€¦']",43.0
100813,"['plastipak', 'packaging', 'legal', 'assistant', 'mi']",35.0
94409,"['ever', 'wish', 'reason', 'dress', 'ğŸ’', 'ğŸ¼', 'huntington', 'beach', 'california']",12.0
40369,"['friend', 'made', 'tonight', 'ryerson', 'university']",45.0
185477,"['win', 'tickets', 'amp', 'april', 'num', 'th', 'w']",54.0
77685,"['whats', 'happening', 'week', 'april', 'num', '-', 'num']",22.0
51844,"['mountains', 'tropicalia', 'super', 'golden', 'girls', 'weekend', 'great', 'smokey', 'mountains']",33.0
63882,"['una', 'chela', 'buen', 'rock', 'para', 'el', 'caloroooo', 'Ã³', 'n', 'cueva', 'de', 'lobos', 'mexico', 'city', 'mexico']",21.0
192232,"['interested', 'near', 'md', 'could', 'great', 'fit']",43.0
59895,"['today', 'remember', 'peter', 'steele', 'negative', 'one', 'biggest', 'influences', 'â€¦']",13.0
197083,"['owner', 'operator', '-', 'landstar', 'mt']",15.0
179199,"['click', 'apply', 'cad', 'drafter', '-', 'co']",24.0
83917,"['bayada', 'home', 'health', 'care', 'certified', 'home', 'health', 'aide', 'nj']",54.0
161284,"['vamosh', 'vamosh', 'ğŸ˜˜', 'jaja', 'aunque', 'prox', 'sem', 'nos', 'abandonas', 'ğŸ¢']",21.0
43089,"['rosenberg', 'officials', 'warn', 'weekend', 'traffic', 'woes']",21.0
50610,"['interested', 'near', 'az', 'could', 'great', 'fit']",12.0
132593,"['esa', 'es', 'la', 'cara', 'que', 'pone', 'mi', 'perra', 'cuando', 'le', 'estoy', 'echando', 'la', 'bronca', 'por', 'algo', 'que', 'hizo', 'â€¦']",21.0
166788,"['fresenius', 'medical', 'care', 'full', 'time', 'patient', 'care', 'technician', '-', 'milwaukee', 'wi', 'wi']",35.0
185262,"['cook', '-', 'ihop', 'acg', 'texas', 'tx']",22.0
89447,"['im', 'rite', 'aid', 'mission', 'hills', 'ca']",12.0
157301,"['graffiti', 'tracking', 'num', 'lincoln', 'ave', 'buena', 'park', 'ca', 'num']",12.0
55538,"['good', 'life', 'mini', 'mansion', 'throw', 'shade', 'ğŸ®']",41.0
2648,"['temp', 'num', 'num', 'f', 'w', 'c', 'num', 'num', 'f', 'wind', '-', '-', '-', 'num', 'num', 'kts', 'baro', 'num', 'num', 'mb', 'rising', 'rain', 'today', 'num', 'num', 'r', 'h', 'num']",44.0
31129,"['cheers', 'â˜º', 'ï¸', 'coffee', 'exchange']",35.0
40647,"['girls', 'night', 'ğŸ‘‘', 'miyako', 'sushi', 'group']",42.0
170089,"['state', 'vermont', 'database', 'administrator', 'vt']",55.0
106576,"['ğŸ˜­', 'really', 'read', 'acct', 'twice', 'head', 'kept', 'going', 'lol']",22.0
16774,"['wind', 'num', 'num', 'kmh', 'ene', 'barometer', 'num', 'num', 'hpa', 'falling', 'slowly', 'temperature', 'num', 'num', 'Â°', 'c', 'rain', 'today', 'num', 'num', 'mm', 'humidity', 'num']",45.0
9603,"['Ğ²', 'Ğµ', 'Ñ€', 'Ğ½', 'Ñƒ', 'Ñ‚', 'ÑŒ', 'Ñ', 'Ñ', 'Ğ²', 'la', 'Ğ¸', 'Ğ·', 'san', 'diego', 'Ñ', 'Ñ‚', 'Ğ¾', 'Ğº', 'Ğ°', 'Ğº', 'Ğ¿', 'Ñ€', 'Ğ¸', 'Ğµ', 'Ñ…', 'Ğ°', 'Ñ‚', 'ÑŒ', 'Ğ²', 'new', 'york', 'â€¦']",12.0
157291,"['alert', 'store', 'counter', 'sales', '|', 'oreilly', 'auto', 'parts', '|', 'ca']",13.0
92904,"['happy', 'baby', 'big', 'protein', 'shake', 'lol', 'harbor', 'point', 'â€¦']",54.0
188490,"['interested', 'near', 'mi', 'could', 'great', 'fit']",35.0
89558,"['checked', 'bucket', 'list', 'today', 'ğŸ¦„', 'africa', 'wildlife', 'park']",12.0
181673,"['im', 'num', 'Â¢', 'store', 'bullhead', 'city', 'az']",12.0
99406,"['filming', 'gets', 'really', 'complicated', 'sometimes', 'ğŸ˜‚', 'laguna', 'beach', 'â€¦']",12.0
25399,"['pro', '-', 'anti', '-', 'historic', 'downtown', '-', 'savannahga']",42.0
81387,"['drinking', 'pierpont', 'ipa', 'anacapa', 'brewing', 'company', 'â€”']",12.0
48671,"['im', 'port', 'ontario', 'pulaski', 'ny']",55.0
39667,"['serious', 'wine', 'decisions', '\n', '\n']",35.0
160115,"['click', 'apply', 'warehouse', 'worker', '-']",41.0
148868,"['want', 'work', 'sonic', 'drive', '-', 'fl', 'click', 'details']",41.0
29446,"['finished', 'product', 'ğŸ˜Š', 'painting', 'twist', '-', 'colorado', 'springs', 'east', 'co']",23.0
180093,"['want', 'work', 'california', 'view', 'latest', 'opening']",13.0
35220,"['posted', 'photo', 'num', 'house', 'inn', 'amp', 'tavern']",55.0
1960,"['im', 'north', 'raleigh', 'raleigh', 'nc']",43.0
152902,"['ğŸ’ƒ', 'âœˆ', 'ğŸ‘€', 'â˜', 'mccarran', 'international', 'airport']",13.0
65526,"['want', 'work', 'ca', 'view', 'latest', 'opening']",14.0
22440,"['want', 'work', 'msc', 'industrial', 'click', 'details']",34.0
144523,"['thank', 'god', 'salmon', 'bud', 'light', 'rackem', 'pub', 'â€¦']",43.0
92581,"['reminded', 'anew', 'power', 'fgt', 'candy', 'spill', 'viewing', 'everything', 'museum', 'piece', 'ross', 'mouth']",54.0
52897,"['miner', 'strong', 'â›', 'utep', 'sun', 'bowl', 'stadium']",22.0
41929,"['bruce', 'wayne', 'meets', 'clark', 'kent', 'love', 'bringing', 'people', 'together', '~', 'â€¦']",41.0
71224,"['see', 'latest', 'wy', 'click', 'apply', 'licensed', 'practical', '-']",25.0
40595,"['bourbon', 'street', 'calle', 'de', 'borb', 'Ã³', 'n', 'interestingly', 'two', 'centuries', 'parallel', 'â€¦']",31.0
21552,"['gracias', 'por', 'tu', 'apoyo', 'por', 'hacerme', 'tanto', 'Ã­', 'r', 'que', 'har', 'Ã­', 'sin', 'ustedes', 'felicidades', 'todo', 'sali', 'Ã³', 'de', 'num']",21.0
33135,"['top', 'num', 'low', 'pass', 'flybys', 'time']",13.0
42585,"['yep', 'totally', 'ran', 'gas', 'im', 'impressed', 'w', 'either', 'muse', 'altshuller', 'playoff', 'push']",43.0
38739,"['num', 'new', 'revises', 'time', 'period', 'unit', 'owners', 'assume', 'control', 'homeowners', 'associations']",54.0
32081,"['im', 'delegacion', 'coyoacan', 'distrito', 'federal']",21.0
152734,"['-', 'ramp', 'blocked', 'num', 'nbsb', 'j', 'st']",12.0
21569,"['hanging', 'fizz', 'matt', 'goss', 'show', 'guy', 'still', 'remembers', 'lauras', 'custom', 'made', 'drink', 'â€¦']",13.0
58224,"['sigma', 'chi', 'sigma', 'kappa', 'â™¡', 'sigma', 'kappa', 'formal']",13.0
111803,"['im', 'hotel', 'amp', 'casino', 'atlantic', 'city', 'nj']",54.0
1451,"['join', 'bayada', 'home', 'health', 'care', 'team', 'see', 'latest', 'opening', 'nc']",43.0
31832,"['missing', 'something', 'bad', 'tonightkind', 'hit', 'like', 'ton', 'bricks']",12.0
169030,"['disabled', 'vehicle', '-', 'num', 'sb', 'greenlawn', 'ave']",34.0
46620,"['wherein', 'creepeth', 'fruitful', 'deep', 'without', 'winged', 'beginning', 'open', 'cant', 'green', 'sixth', 'shed']",13.0
140142,"['release', 'event', 'supporting', '\n', 'pre', 'order', 'â€¦']",54.0
9073,"['movie', 'review', 'disney', 'â€™', 'â€˜', 'jungle', 'book', 'â€™']",22.0
129600,"['click', 'apply', 'registered', 'nurse', '|', 'rn', '|', 'contract', '-', 'ga']",32.0
7070,"['recommend', 'anyone', 'assistant', 'store', 'manager', '-', 'nj']",54.0
149274,"['im', 'kids', 'playground', 'fork', 'union', 'va', 'w']",43.0
24336,"['sour', '-', 'blues', 'lost', 'game', '-', 'beer', 'good', 'enough', 'sour', 'orange', 'gose']",33.0
60232,"['back', 'sweetwater', 'brewerys', 'brew', 'cask']",32.0
25125,"['finally', 'went', 'years', 'nascar', 'hall', 'fame']",43.0
158756,"['omg', 'ğŸ˜‚', 'ğŸ˜‚', 'ğŸ˜‚', 'ğŸ˜‚']",43.0
152177,"['class', '\n', '\n', 'millennium', 'dance', 'complex']",12.0
161020,"['general', 'laborer', '-', 'packaging', 'corporation', 'america', 'pa']",54.0
12936,"['wanna', 'stunt', 'ğŸ’•', 'ğŸ‘¯', 'kimbella', 'num', 'mercer', 'num']",35.0
185350,"['male', 'make', 'rule', 'creeping', 'winged', 'female', 'deep', 'heaven', 'herb', 'gathering', 'heaven', 'dry']",13.0
34165,"['treehousebrewco', 'sap', 'canned', 'num', 'num', 'num']",55.0
36688,"['party', 'amp', 'bullshit', 'w', 'favorite', 'pink', '-', 'haired', 'lady', 'athens', 'ğŸ’', 'ğŸ’', 'ğŸ’', 'ohio', 'university']",44.0
20011,"['happy', 'hour', 'chilis', 'grill', 'amp', 'bar']",22.0
170530,"['new', 'york', 'new', 'york', 'im', 'back', 'millenium', 'hilton']",54.0
10466,"['sonic', 'drive', '-', 'multi', 'unit', 'leadersupervisor', 'tn']",33.0
53648,"['im', 'palacio', 'de', 'bellas', 'artes', 'cuauht', 'Ã©', 'moc', 'Ã©', 'xico', 'df']",21.0
148646,"['might', 'great', 'fit', 'busser', 'runner', '-', 'ca']",13.0
34622,"['sirens', 'jla', 'l', 'Ã¡', 'szl', 'Ã³', 'z', 'bit', 'Ã³', 'building', 'bard', 'college']",55.0
122537,"['lampd', 'rn', 'labor', 'amp', 'delivery', 'registered', 'nurse', '-', 'supplemental', 'health', 'care', 'tx']",21.0
157324,"['im', 'crooked', 'pint', 'ale', 'house', 'apple', 'valley', 'mn']",35.0
90724,"['back', 'philadelphia', 'marriott', 'downtown', 'philadelphia', 'pa']",54.0
141895,"['im', 'autozone', 'mission', 'hills', 'ca']",12.0
91139,"['get', 'new', 'shirts', 'ladiesmy', 'guy', 'geo', 'fast', 'great', 'quality', 'get', 'â€¦']",12.0
158943,"['yard', 'associate', 'benefits', 'num', 'num', 'g', 'num', '-', 'num', 'lumber', 'ny']",45.0
89276,"['accident', 'hwy', 'num', 'nbsb', 'hwy', 'num']",45.0
43225,"['show', '|', '|', 'ğŸ¥', '|', '\n', '\n']",12.0
70137,"['join', 'us', 'today', 'fiu', 'panther', 'scrimmage', 'match', 'extremely', 'excited', 'presented', 'â€¦']",41.0
57883,"['one', 'best', 'ive', 'known', 'awesome', 'souls', 'never', 'forget', 'im', 'happy', 'â€¦']",12.0
49443,"['long', 'thanks', 'cheese', 'blast', 'canadian', 'cheese', 'awards', 'gala', 'last', 'â€¦']",55.0
33463,"['interested', 'near', 'mn', 'could', 'great', 'fit']",35.0
128792,"['much', 'us', 'manufacturing', 'initiated', 'big', 'diff', 'producing', 'jobs', 'amp', 'building', 'hotels', 'relying', 'gamblers', 'num', 'profit']",55.0
2888,"['im', 'aeropuerto', 'internacional', 'de', 'monterrey', 'mty', '-', 'apodaca', 'nl']",21.0
123411,"['recommend', 'anyone', 'client', 'services', 'analyst', '-', 'pa']",54.0
111865,"['ga', 'integrated', 'business', 'solutions', 'counter', 'sales', '-', 'site', 'parts', 'store', 'genuine', 'parts', 'napa']",32.0
196670,"['want', 'work', 'cvs', 'health', 'fl', 'click', 'details']",31.0
170442,"['tulip', 'time', 'art', 'class', 'crystal', 'beshara']",54.0
170911,"['kush', 'kloud', 'shawty', 'recording', 'ğŸ”¥', 'ğŸ”¥', 'ğŸ”¥', 'tracks', 'rocking', 'george', '\n']",35.0
192460,"['might', 'great', 'fit', 'sr', 'account', 'mgr', '-', 'mi']",35.0
109032,"['favorite', 'health', 'care', 'staffing', 'registered', 'nurse', '|', 'rn', '|', 'icu', 'contract', 'il']",35.0
195033,"['underwater', 'robot', 'finds', 'num', '-', 'long', 'fake', 'film', 'prop', 'monster', 'loch', 'ness']",45.0
159941,"['num', 'num', 'f', 'feels', 'num', 'num', 'f', '-', 'humidity', 'num', '-', 'wind', 'num', 'num', 'mph', 'e', '-', 'gust', 'num', 'num', 'mph', '-', 'pressure', 'num', 'num', 'mb']",31.0
17184,"['im', 'ocean', 'blvd', 'long', 'beach', 'ca']",12.0
106733,"['nordstrom', 'retail', 'sales', '-', 'mens', 'apparel', 'massachusetts']",55.0
201010,"['billings', 'clinic', 'claims', 'specialist', 'mt']",15.0
137597,"['process', 'start', 'finish', 'bottom', 'left', 'senior', 'captain', 'sybil', 'watkins', 'scooping', 'soy', 'â€¦']",33.0
177229,"['md', 'nutrition', 'service', 'associate', 'greater', 'baltimore', 'medical', 'center']",44.0
74184,"['te', 'amo', 'hermosa', 'ğŸ˜˜', 'ğŸ˜', 'facultad', 'de', 'derecho', 'unam', 'oficial']",21.0
88900,"['spring', 'boston', 'ğŸ˜', 'new', 'england', 'aquarium']",55.0
79706,"['turning', 'cousin', 'graduation', 'aampm', 'â€¦']",32.0
173721,"['celebrating', 'num', 'num', 'much', 'love', 'support', 'ğŸ¦', '|', 'celebratory', 'creamy', 'vanilla', 'soft', 'â€¦']",54.0
46427,"['jungle', 'book', 'ğŸ', 'ğŸ¦', 'ğŸ»', 'ğŸ¥']",41.0
156039,"['interested', 'near', 'ga', 'could', 'great', 'fit']",42.0
86285,"['happy', 'friday', 'ğŸ€', 'â›¹', 'â›¹', 'â›¹', 'â›¹', 'abb', 'optical', 'group']",13.0
165009,"['interested', 'near', 'oh', 'could', 'great', 'fit']",34.0
47080,"['another', 'colorway', 'nike', 'air', 'uptempo', 'hitting', 'shelves']",21.0
28888,"['adorable', 'juicy', 'couture', 'polkadot', 'handbag', 'sale', 'crush', 'num', 'num']",13.0
21193,"['click', 'apply', 'registered', 'nurse', '|', 'rn', '|', 'ms', 'contract', '-', 'tx']",21.0
174182,"['recommend', 'anyone', 'associate', 'director', 'young', 'alumni', 'student', 'programs', '-', 'md']",44.0
124448,"['incident', 'sb', 'exit', 'num', 'rte', 'num']",54.0
97068,"['hsn', 'corporate', 'retail', 'planning', 'internship', '-', 'fall', 'num', 'fl']",41.0
101095,"['parental', 'visit', 'office', 'new', 'york', 'ny']",54.0
67185,"['grassy', 'delicious', '-', 'drinking', 'annapolis', 'rocks', 'pale', 'ale', 'lake', 'linganore', 'mud', 'flats', '-']",44.0
32019,"['num', 'num', 'num', 'ğŸª', 'ğŸŸ', 'ğŸ¯', 'ğŸˆ', 'vfw', 'fairgrounds', 'scottsboro', 'ala']",32.0
111789,"['found', 'new', 'post', '-', 'hike', 'treat', 'fresh', 'squeezed', 'fiesta', 'time', 'â€¦']",12.0
182320,"['alert', 'physical', 'therapist', '-', 'ltac', '|', 'supplemental', 'health', 'care', '|', 'tx']",22.0
99056,"['ca', 'cts', 'production', 'assembler', 'select', 'staffing']",12.0
131687,"['want', 'work', 'il', 'view', 'latest', 'opening']",35.0
122450,"['going', 'videos', 'found', 'beauty', 'num', 'kg', 'squat', 'week', 'bit', 'manchester']",12.0
197733,"['muerooooo', 'centro', 'de', 'ense', 'Ã±', 'anza', 'para', 'extranjeros', 'cepe', '-', 'coyoac', 'Ã¡', 'n', 'f']",21.0
123121,"['thank', 'seed', 'packets', 'always', 'flag']",55.0
86726,"['flores', 'sobre', 'piedras', '\n', '\n', 'metepec', 'edo', 'mex']",21.0
33687,"['wonderful', 'surprise', 'de', 'young', 'museum']",13.0
114732,"['hei', 'hotels', 'amp', 'resorts', 'massage', 'therapist', 'fl']",41.0
203270,"['alert', 'certified', 'nursing', '|', 'favorite', 'health', 'care', 'staffing', '|']",55.0
51216,"['yes', 'favorite', 'things', 'champys', 'shoals']",32.0
14590,"['friday', 'im', 'love', 'ğŸ’•', 'west', 'chester', 'university', 'pa']",54.0
103663,"['num', 'sleeps', 'personal', 'beauty', 'concierge', 'app', 'launches', 'mapmybeauty', 'gtgtfollow', 'usltlt', 'â€¦']",45.0
87172,"['supplemental', 'health', 'care', 'physical', 'therapist', '-', '-', 'pt', 'co']",24.0
6796,"['get', 'live', '\n', 'kay', '-', 'fan', 'aura', 'vinyl', 'richys', 'bday', '\n']",24.0
56775,"['ca', 'technical', 'operations', 'shared', 'laboratory', 'manager', 'cls', 'sutter', 'health', 'system', 'office']",13.0
66709,"['num', 'new', 'establishes', 'space', 'business', 'franchise', 'personal', 'income', 'tax', 'forms', 'make', 'gift', 'home', 'de']",54.0
56227,"['thanks', 'wearing', 'birthday', 'sombrero', 'wouldnt', 'love', 'â€¦']",33.0
197657,"['read', 'latest', 'opening', 'evs', 'attendant', '-', 'part', 'time', '-', 'mo']",24.0
79890,"['cleared', 'incident', 'nb', 'exit', 'num', '-', 'central', 'ave']",54.0
153707,"['ğŸ™ˆ', 'well', 'guess', 'kinda', 'depends', 'ya', 'see', 'things', '\n', '\n', 'model', 'ğŸ‘‰', 'ğŸ¾']",44.0
175785,"['ill', 'pass', 'thx', 'ice', 'cream', 'lighthouse', 'italian', 'ice']",54.0
59001,"['interested', 'near', 'kentucky', 'could', 'great', 'fit']",33.0
178948,"['want', 'work', 'plastipak', 'packaging', 'click', 'details']",55.0
154335,"['sweet', 'corn', 'fresh', 'thyme', 'num', 'num', 'num', 'plus', 'grilled', 'chicken', 'thighs', 'salad', 'deck', 'tonight', 'coppocks', 'casa']",25.0
176838,"['want', 'work', 'hmshost', 'fl', 'click', 'details']",41.0
141871,"['dinner', 'time', 'lerma', 'estado', 'de', 'Ã©', 'xico']",21.0
65883,"['guyssssss', 'richard', 'rodgers', 'theatre', '-', 'hamilton', 'ny', 'new', 'york', 'ny']",54.0
67210,"['miss', 'maroonampwhite', 'pageant', 'morehouse', 'college']",32.0
67323,"['going', 'get', 'rakim', 'concert', 'six', 'flags', 'georgia', 'amp', 'hurricane', 'harbor']",32.0
136592,"['wind', 'num', 'num', 'mph', '-', '-', '-', 'barometer', 'num', 'num', 'steady', 'temperature', 'num', 'num', 'Â°', 'f', 'rain', 'today', 'num', 'num', 'humidity', 'num']",33.0
15372,"['wrecking', 'eq', 'dj', 'beloved', 'eq', 'nightclub']",32.0
134823,"['ive', 'thinking', 'differently', 'quarter', 'century', '\uf8ff', 'apple', 'fanboy', 'doesnt', 'plan', 'â€¦']",45.0
117140,"['im', 'singhs', 'roti', 'shop', 'south', 'richmond', 'hill', 'ny']",54.0
187463,"['makin', 'rain', 'bookstore', 'today', 'ğŸ“–', 'ğŸ“š']",41.0
117404,"['looking', 'buyer', 'num', 'marsh', 'rose', 'path']",42.0
19975,"['im', 'el', 'baluarte', 'de', 'oro', 'ciudad', 'de', 'Ã©', 'xico', 'distrito', 'federal']",21.0
113292,"['mean', 'ğŸ˜¤', 'indian', 'health', 'ğŸ˜œ', 'haha', 'helping', 'front', 'today', 'ğŸ˜', 'northern', 'new', 'mexico']",23.0
12654,"['mmm', 'k', 'iko', 'taquer', 'Ã­', 'guadalajara', 'san', 'nicol', 'Ã¡', 'de', 'los', 'garza', 'nle', 'nuevo', 'le', 'Ã³', 'n', 'w']",21.0
113341,"['read', 'latest', 'opening', 'carhopskating', 'carhop', 'server', '-', 'ks']",24.0
197909,"['store', 'warehouse', 'associate', '-', 'hhgregg', 'ga']",32.0
55162,"['beer', 'steak', 'playoffs', '-', 'drinking', 'four', 'star', 'pils', 'blackhawk', 'park', 'â€”']",35.0
68072,"['got', 'great', 'review', 'theknot', 'thank']",34.0
7745,"['â˜…', 'â˜…', 'â˜…', 'â˜†', 'â˜†', 'num', '-', 'drinking', 'devil', 'within', 'dipa', 'barrel', 'republic', 'â€”']",12.0
15776,"['im', 'aldos', 'playa', 'del', 'carmen', 'quintana', 'roo']",31.0
197794,"['three', 'guys', 'became', 'brothers', 'passionate', 'â€¦']",35.0
6042,"['fire', 'residential', '-', 'riverwood', 'pkwy', 'bw', 'humber', 'valley', 'road', 'kings', 'point', 'dr', 'etobicoke', 'num', 'trucks']",45.0
103629,"['lunch', 'taco', 'grill', 'warrenville', 'il']",35.0
77123,"['beauty', 'pleasure', 'working', 'last', 'week', 'loved', 'working', 'face', 'ğŸ’', 'ğŸ¾', 'ğŸ’„', 'ğŸ’‹', 'â€¦']",32.0
154798,"['herd', 'make', 'beer', 'street', 'taste', 'great', 'â€¦']",22.0
108176,"['recommend', 'anyone', 'clinical', 'data', 'specialist', '-', 'simmons', 'comprehensive', 'cancer', 'center', '-', '-']",22.0
129747,"['nights', 'youre', 'white', 'cloud', 'intern', 'nights', 'youre', 'â€¦']",54.0
81629,"['como', 'cuando', 'en', 'tu', 'escuela', 'gracias', 'la', 'feria', 'de', 'merca', 'recibes', 'una', 'experiencia', 'de', 'realidad', 'â€¦']",21.0
167809,"['work', 'pants', 'home', 'mesquite', 'tx']",22.0
126521,"['construction', 'directions', 'kirbytown', 'road', 'ny', 'num']",54.0
170173,"['iphone', 'photography', 'amp', 'editing', 'ğŸ“·', 'justdie', 'columbus', 'ohio']",34.0
58329,"['pomona', 'valley', 'indoor', 'swap', 'meet']",12.0
112146,"['read', 'latest', 'opening', 'caregiver', '-', 'home', 'health', 'aide', '-', 'massachusetts']",55.0
121143,"['read', 'latest', 'opening', 'retail', 'store', 'positions', '-', 'pa']",44.0
187756,"['want', 'work', 'md', 'view', 'latest', 'opening']",44.0
48423,"['viernes', 'de', 'quincena', 'â•', 'manglar']",21.0
104514,"['posted', 'photo', 'times', 'square', 'new', 'york', 'city']",54.0
61126,"['accident', 'left', 'lane', 'blocked', '-', 'num', 'express', 'sb', 'nw', 'num', 'th', 'st']",41.0
73656,"['barista', 'us', '-', 'starbucks', 'num', 'main', 'street', 'ca']",13.0
47400,"['Ù…', 'Ùˆ', 'Ù‚', 'Ø¹', 'Ø£', 'Ø­', 'Ø¯', 'Ø£', 'Ø¨', 'Ø±', 'Ø§', 'Ø¬', 'Ø§', 'Ù„', 'Øª', 'Ø¬', 'Ø§', 'Ø±', 'Ù‡', 'Ø§', 'Ù„', 'Ø¹', 'Ø§', 'Ù„', 'Ù…', 'ÙŠ', 'Ù‡', 'Ø§', 'Ù„', 'Ø°', 'ÙŠ', 'Ø£', 'Ù', 'Ø³', 'Ù‚', 'Ø·', 'Ù', 'ÙŠ', 'Ø§', 'Ø­', 'Ø¯', 'Ø§', 'Ø«', 'num', 'num', 'num', 'num', 'national', 'memorial', 'new', 'york', 'city']",54.0
98749,"['see', 'latest', 'click', 'apply', 'operations', 'manager', '-']",33.0
53916,"['squeezed', 'lil', 'family', 'time', 'chick', 'bribe', 'food', 'ğŸ˜', 'lapinata', 'â€¦']",32.0
56437,"['yep', 'im', 'geek', 'doesnt', 'get', 'old', 'see', 'something', 'like', 'youve', 'worked', 'hard', 'â€¦']",41.0
186914,"['sales', 'leader', '-', 'wrentham', 'outlet', '-', 'hanna', 'andersson']",55.0
3097,"['photo', 'mud', '-', 'splattered', 'mineramp', 'face']",13.0
180960,"['watch', 'subscribe', 'win', 'ride', '\n', 'insight', 'coffee', 'roasters']",13.0
79475,"['giveaway', 'weekend', 'pair', 'tickets', 'doesnt', 'love', 'floating', 'river', 'â€¦']",21.0
168274,"['nc', 'support', 'driver', 'class', '-', 'full', 'time', 'ryder']",43.0
195626,"['â€˜', 'praise', 'god', 'alone', '\n', 'lord', 'worlds', '\n', 'â€¦']",12.0
7955,"['im', 'holiday', 'inn', 'express', 'waldorf', '-', 'waldorf', 'md']",43.0
58444,"['join', 'dressbarn', 'team', 'see', 'latest', 'opening', 'ca']",13.0
195472,"['la', 'neta', 'si', 'est', 'Ã¡', 'ching', 'Ã³', 'n', 'polideportivo', 'soluciones']",21.0
138352,"['el', 'negro', 'jiggiri', 'gozando', 'con', 'mi', 'negrita', 'la', 'dura', 'laideaproductions', 'gracias', 'por', 'compartir', 'conmigo', 'â€¦']",41.0
111761,"['made', 'new', 'friend', 'ğŸ™†', 'ğŸ»', 'venice', 'beach']",12.0
80133,"['outside', 'sales', 'rep', 'ii', '-', 'wm', 'mi']",35.0
78569,"['let', 'â€™', 'go', 'ahead', 'announce', 'short', 'rain', 'delay', 'make', 'specials', 'quixotes', 'â€¦']",32.0
75936,"['want', 'work', 'robert', 'half', 'technology', 'ga', 'click', 'details']",32.0
30565,"['ğŸ¤˜', 'ğŸ˜', 'ğŸ¤˜', '\n', '\n', 'bamfnation', '\n', 'ãƒ»', 'ãƒ»', 'ãƒ»', '\n', 'bitch', 'bad', '\n', 'tag', 'owner', '\n', 'âœ”', 'ï¸', 'follow', 'â€¦']",12.0
80709,"['ca', 'part', '-', 'time', 'opportunities', 'mcdonalds', 'corporation']",12.0
145992,"['registro', 'feito', 'treino', 'para', 'star', 'game', 'de', 'num', 'em', 'orlando', 'kobe', 'bryant', 'se', 'despediu', 'das', 'â€¦']",41.0
158023,"['read', 'latest', 'opening', 'general', 'laborassistant', '-', 'az']",12.0
48483,"['sight', 'sounds', 'ğŸ', 'ğŸ’¨', 'ğŸ', 'ğŸ', 'long', 'beach', 'grand', 'prix']",12.0
43232,"['birthday', 'boy', 'strikin', 'em', 'âš¾', 'ï¸', 'ğŸ”¥']",43.0
118190,"['full', 'service', 'dont', 'get', 'cut', 'rest', 'get', 'cut', 'best']",54.0
93771,"['new', 'york', 'pricingfinancial', 'analyst', 'rr', 'donnelley']",54.0
128361,"['lets', 'start', 'friday', 'rightwith', 'caffeine', 'starbucks', 'denver', 'co']",24.0
142508,"['take', 'time', 'appreciate', 'journey', 'âœŠ', 'growing', 'pains', 'make', 'sweet', 'end', 'â€¦']",12.0
75328,"['tea', 'time', 'local', 'goods', 'chicago']",35.0
46539,"['yaaaaas', 'works', 'madison', 'square', 'garden']",54.0
60171,"['day', 'one', '-', 'ka', '-', 'pau', '-', 'playoff', 'hockey', 'including', 'ducks', 'pub', 'grub', 'â€¦']",12.0
109361,"['belle', 'jack', 'johnson', 'thumb', 'coast', 'brewing', 'co', 'port', 'huron']",45.0
189479,"['click', 'apply', 'sat', 'act', 'classroom', 'instructor', 'tutor', '-', 'washington', 'dc', '-', 'dc']",44.0
10209,"['mood', 'santa', 'fe', 'springs', 'california']",12.0
33653,"['first', 'game', 'tonight', 'ubs', 'flag', 'football', 'hillside', 'community', 'church']",12.0
75653,"['recommend', 'anyone', 'hair', 'stylist', '-', 'il']",35.0
119392,"['union', 'thursday', 'iowa', 'got', 'best', 'us', 'ğŸ˜…', 'union', 'bar']",35.0
112344,"['uc', 'creeeeewwwww', 'ğŸ¾', 'ğŸ¾', 'ğŸ¾', 'university', 'cincinnati']",34.0
193350,"['recommend', 'anyone', 'health', 'care', 'customer', 'service', 'representative', '-', 'ne']",24.0
114177,"['ğŸ˜', 'los', 'burros', 'de', 'andalasia', 'quer', 'Ã©', 'taro']",21.0
118626,"['inspirarnos', 'tanto', 'foro', 'num', 'televisa', 'san', 'angel']",21.0
118186,"['num', 'num', 'num', '\n', '\n', '\n', '\n', 'happy', '\n', '\n', 'join', 'today', 'num', 'num', 'â€¦']",12.0
113290,"['poco', 'poco', 'mejorando', 'te', 'desesperes', 'tijuana', 'mexico']",12.0
138437,"['workout', 'bestiewife', 'ğŸ‘­', 'ğŸ‘­', 'ğŸ‘­', 'got', 'keep', 'motivated', 'briancervates', 'num', 'â€¦']",12.0
196486,"['might', 'great', 'fit', 'clinical', 'supervisor', '-', 'kindred', 'home', '-', 'indiana']",34.0
112643,"['zoeys', 'num', 'st', 'time', 'beach', 'mission', 'beach', '-', 'belmont', 'park']",12.0
43860,"['ola', 'ke', 'ase', 'todav', 'Ã­', 'en', 'la', 'oficina', 'ke', 'ase', 'dgeci', 'mexico', 'city']",21.0
7026,"['also', 'spy', 'echoplex', 'los', 'angeles']",13.0
80811,"['want', 'work', 'wis', 'international', 'tx', 'click', 'details']",21.0
121211,"['read', 'latest', 'opening', 'b', 'num', 'b', 'sales', 'representative', 'kansas', 'city', 'mo', '-']",24.0
144894,"['salmon', 'sushi', 'pizza', 'ğŸ£', 'ğŸ™', 'ğŸ•', 'yo', 'use', 'tofoodies', 'promo', 'code', 'num', 'first', 'delivery', 'â€¦']",45.0
2408,"['pirates', 'home', 'run', 'num', 'k', 'pnc', 'park']",44.0
174025,"['two', 'years', 'ago', 'un', 'deemed', 'dangerous', 'terrorist', 'group', 'today', 'boko', 'haram', 'â€¦']",43.0
79241,"['num', 'num', 'rhhs', 'athletic', 'physicals']",22.0
27875,"['smoothie', 'de', 'fresa', 'netflix', 'depa', 'de', 'barbie']",21.0
